ord,tree,genotype,block,Depth,latitude,longitude,cop_id,height,dbh,agb,root_CN,Lig,BD,Sand,Clay,Silt,SiCl,pH_soil,CEC,base_sat,POMC,MAOMC,TotC,TotC_30,POMC_st,MAOMC_st,TotC_st,TotC_st_30,POM_CN,MAOM_CN,soil_CN,C_chk_rel,C_chk_id,Al_ppm_root,Al_ppm_soil,Al_ppm_diff,B_ppm_root,Cu_ppm_root,Cu_ppm_soil,Cu_ppm_diff,Fe_ppm_root,Fe_ppm_soil,Fe_ppm_diff,Mn_ppm_root,Mn_ppm_soil,Mn_ppm_diff,Na_ppm_root,Na_ppm_soil,Na_ppm_diff,Ni_ppm_root,Ni_ppm_soil,Ni_ppm_diff,Zn_ppm_root,Zn_ppm_soil,Zn_ppm_diff,pCa_root,pCa_soil,pCa_diff,pK_root,pK_soil,pK_diff,pMg_root,pMg_soil,pMg_diff,pP_root,Cr_ppm,pPOM,pP_soil,pP_diff,pS_root
1,BESC-102-1,BESC-102,1,15,46.121497,-123.268847,Coppiced,930,20.700000000000003,5.374591944077967,49.726701570680625,26.58,0.8840146679342659,0,45.900000000000006,55.749999999999986,101.64999999999999,5.26,32.2265979437012,42.1598145961192,11.56,39.52,60.4,44.21546849849237,15.328814341980172,52.40438951514328,80.0917289148445,99.32942245008829,21.81132075471698,12.95737704918033,14.876847290640393,-15.430463576158928,Good,7378.17,4.46745,7373.70255,16.35,15.167,4.09785,11.06915,6213.76,267.50725,5946.252750000001,152.445,67.24035,85.20464999999999,285.622,37.80555,247.81645000000003,7.073,2.1111,4.9619,55.162,3.30435,51.85765,0.71988,0.211746375,0.5081336249999999,0.43521,0.019592995,0.415617005,0.15765,0.027991185000000002,0.129658815,0.07964,73.565,19.13907284768212,0.01178418,0.06785582,0.08403
2,BESC-102-2,BESC-102,2,15,46.121142,-123.270561,Non-coppiced,1000,18.3,3.864154206112069,50.419862340216326,32.71,0.6193467336683417,7.849999999999994,45.150000000000006,47,92.15,5.27,32.7016645103122,47.7767622665977,9.36559350870312,52.9718707651,76.36666666666666,70.85998598904598,8.70082462272105,49.21193270199931,70.94616834170854,132.2236944859432,20.33747779751332,13.826446280991735,14.60165710643722,-18.37084556027526,Good,5044.21,2.9191,5041.2909,11.643,21.753,6.08095,15.67205,3243.34,363.77145,2879.56855,283.393,59,224.39299999999997,307.614,53.09285,254.52114999999998,9.595,3.03215,6.562850000000001,73.663,7.04165,66.62134999999999,0.8155,0.23987381,0.57562619,0.36465,0.011465595,0.353184405,0.12897,0.037263335,0.09170666499999999,0.10552,54.669,12.263981024054718,0.01270655,0.09281345,0.11408
3,BESC-102-3,BESC-102,3,15,46.121067,-123.27178899999998,Non-coppiced,710,24.8,8.027528780456063,39.8130081300813,24.03,0.7910837973652045,8.39079607936886,38.2060004781258,51.2032034425054,89.4092039206312,5.48,28.9159704214047,73.5056306658518,7.59,51.99,53.5,42.84569358958256,9.006489033002854,61.69266993752548,63.48447473855765,104.23234754855358,20.513513513513512,14.127717391304348,13.896103896103895,11.364485981308409,Good,8403.85,0.13855,8403.71145,16.98,23.006,5.05275,17.95325,8770,215.49495,8554.50505,165.941,93.8932,72.04780000000001,335.891,43.52765,292.36335,15.061,2.8166,12.244399999999999,51.25,9.72235,41.52765,0.75848,0.32618467500000004,0.432295325,0.6104,0.02499422,0.5854057800000001,0.19529,0.049386055,0.14590394499999998,0.14161,256.507,14.186915887850468,0.015535805,0.126074195,0.10951
4,BESC-119-1,BESC-119,1,15,46.121625,-123.268506,Coppiced,720,16.8,3.344783984083462,51.93681043129388,35.71,0.8169903571913623,0,37.90262172284645,62.87141073657929,100.77403245942574,4.78,30.1880528653846,43.1013849200732,7.07,32.04,42.43181438689318,29.87677575466655,8.664182738014398,39.26455656661687,51.99957478833816,72.03719532344613,20.794117647058822,12.090566037735849,12.780666984003966,-7.8285937919243445,Good,2109.76,4.64415,2105.11585,11.844,24.694,4.7474,19.9466,1833.12,411.19895,1421.92105,149.316,57.42015,91.89585,107.555,34.5,73.055,4.876,1.87825,2.9977500000000004,57.833,4.7173,53.1157,0.90493,0.195732985,0.709197015,0.71556,0.031694505,0.6838654949999999,0.09802,0.02714568,0.07087431999999999,0.11765,14.033,16.662026128639603,0.013045419999999999,0.10460458,0.11546
5,BESC-13-1,BESC-13,1,15,46.120844,-123.269572,Non-coppiced,670,12.6,1.5745980139764761,40.6923076923077,27.05,0.9910023088415048,1.8943170488534378,34.89531405782652,63.210368893320044,98.10568295114656,5.25,25.4033350136566,67.5961837468398,2.697945205479554,21.60873287671235,24.7,24.7,4.010504891637159,32.12145625794191,36.71663554257775,69.08569536873557,11.929133858267715,11.032863849765258,9.320754716981131,-1.5923964283728675,Good,1047.54,0.41,1047.1299999999999,15.293,10.385,5.76455,4.62045,952.766,350.06795,602.69805,73.409,74.2063,-0.7972999999999928,372.081,33.4563,338.6247,3.909,2.8483,1.0606999999999998,65.393,7.4539,57.9391,0.543,0.26183131,0.28116869000000005,0.8283,0.031220875000000002,0.797079125,0.1017,0.037609465,0.064090535,0.1198,NA,10.922855082913173,0.0151267,0.1046733,0.1112
6,BESC-13-2,BESC-13,2,15,46.120933,-123.269728,Non-coppiced,1150,23,6.696758885518038,52.08525576730191,31.56,0.8417424962651094,8.273999508961452,36.82789098944267,54.898109501595876,91.72600049103855,5.27,26.3297877491639,71.2277589467444,14.695643939394046,28.90482954545451,49.099999999999994,49.09999999999999,18.55492202065316,36.49563506356255,61.9943348499253,114.76366460681787,23.8267491670633,10.838926174496645,13.175313059033988,-11.200665000308428,Good,2326.7,0.52825,2326.17175,14.375,17.18,6.3677,10.8123,2202.72,447.64815,1755.0718499999998,243.111,84.15475,158.95624999999998,102.424,38.24735,64.17665000000001,8.192,3.12565,5.06635,93.192,9.29495,83.89705,0.7049,0.29520106,0.40969893999999996,0.4789,0.02529775,0.45360225,0.1225,0.038149340000000004,0.08435066,0.1367,NA,29.930028389804576,0.012419575,0.12428042499999999,0.0882
7,BESC-13-3,BESC-13,3,15,46.121008,-123.271508,Non-coppiced,910,18.7,4.070458558938193,45.692240627724495,30.57,0.9649938883607228,5.237154150197625,38.290513833992094,56.47233201581028,94.76284584980237,5.33,26.3315274127648,74.5449176003717,7.838235294118059,27.88598402323898,43.96666666666667,43.96666666666667,11.345773731535859,40.36470623002556,63.64134693738966,111.21169190547332,16.69683257918552,10.421286031042127,12.012750455373405,-18.74703718569286,Good,1686.1,0.51395,1685.58605,15.108,15.162,5.97065,9.19135,1488.63,255.07525,1233.55475,356.603,88.4005,268.2025,213.857,47.1722,166.6848,6.512,2.95535,3.5566499999999994,106.508,8.53445,97.97354999999999,0.8338,0.31053699,0.52326301,0.5295,0.01473546,0.5147645399999999,0.1205,0.042228444999999996,0.07827155499999999,0.1387,NA,17.827676938858357,0.013315945,0.125384055,0.0983
8,BESC-131-1,BESC-131,1,15,46.121186,-123.268422,Coppiced,730,11.6,2.2288054295196456,56.556975505857295,25.55,0.7943093847616461,3.8832550086569313,38.783081869898595,57.333663121444474,96.11674499134307,4.78,29.0510344855073,44.6418198703976,7.85,48.31,67.8557004140038,67.3421251972343,9.352993005568383,57.5596295667527,80.84762947262692,156.2459861207323,20.128205128205128,13.646892655367232,15.214282604036724,-17.23613542067291,Good,2443.64,5.98295,2437.65705,10.979,28.368,4.60545,23.762549999999997,2629.39,398.14455,2231.24545,170.083,62.09505,107.98795,129.5,35.15105,94.34895,7.14,2.1849,4.9551,49.091,6.22915,42.861850000000004,0.64087,0.20236328,0.43850672,0.33447,0.027178515,0.307291485,0.06985,0.02401237,0.04583762999999999,0.08973,53.096,11.568666968442265,0.014621615,0.075108385,0.10276
9,BESC-131-2,BESC-131,2,15,46.120867,-123.270444,Non-coppiced,1290,23.4,6.980348377189824,53.31934493346981,37.24,0.701819910362624,7.1801242236024905,41.88819875776398,50.93167701863353,92.81987577639751,5.05,26.3803370565775,63.5580850260477,9.15,54.95,75.52125670021817,65.37996942318478,9.632478269727015,57.84750611163929,79.50348241172976,120.22659798961922,22.31707317073171,14.347258485639687,15.195423883343695,-15.123234436570455,Good,2502.82,2.5212,2500.2988,9.928,39.533,6.3178,33.2152,1375.17,291.87235,1083.29765,149.925,47.0306,102.89440000000002,156.146,206.23535,-50.089350000000024,8.133,3.2314,4.901599999999999,72.11,5.59975,66.51025,0.63574,0.24962766,0.38611233999999994,0.3465,0.0076199449999999995,0.33888005499999996,0.10121,0.038320744999999996,0.062889255,0.09406,19.896,12.115794148289865,0.01769827,0.07636173,0.10809
10,BESC-131-3,BESC-131,3,15,46.120785999999995,-123.272211,Coppiced,600,20.6,5.280327232225427,75.19186046511628,36.43,0.8510457693874779,9.691420828785425,42.73703639579961,47.57154277541496,90.30857917121457,4.99,24.3498202251951,59.6874395407519,5.34,49.4,66.63035490806676,55.9285756092528,6.816876612793697,63.06249151161211,85.05822248594458,138.25288668531982,18.413793103448278,13.646408839779005,14.839722696674107,-17.845252249477713,Good,3820.98,5.96935,3815.01065,11.537,24.719,5.8547,18.8643,2538.57,397.71075,2140.85925,88.533,58.6348,29.898200000000003,304.988,40.8416,264.14639999999997,9.172,2.6937,6.478300000000001,53.832,5.48955,48.34245,0.92304,0.22527224999999998,0.69776775,0.33967,0.02457814,0.31509186,0.10522,0.02954869,0.07567130999999999,0.06242,71.109,8.01436523543641,0.013781934999999999,0.04863806500000001,0.08309
11,BESC-133-1,BESC-133,1,15,46.121269,-123.269267,Non-coppiced,1070,24.8,8.027528780456063,59.75675675675676,36.14,0.6188374303952194,0,43.400000000000006,56.75,100.15,5.11,28.8997208879599,61.5757327101857,3.55,41.59,55.099999999999994,49.092587594082524,3.2953093168545435,38.60617309520576,51.14691362216489,96.3366189053375,18.684210526315788,13.037617554858935,14.092071611253196,-18.07622504537204,Good,2603.71,0.94345,2602.76655,12.659,43.761,5.13485,38.62615,3284.72,335.87275,2948.84725,295.736,70.89695,224.83905,234.442,38.58335,195.85865,10.102,3.21665,6.885350000000001,54.246,7.1576,47.0884,0.99962,0.278089395,0.7215306049999999,0.39281,0.02667409,0.36613591,0.1021,0.036468484999999995,0.065631515,0.10997,19.289,6.442831215970962,0.01121909,0.09875091,0.12806
12,BESC-133-2,BESC-133,2,15,46.121514000000005,-123.270581,Non-coppiced,1020,20.3,4.959182288186627,41.41242937853107,37.29,0.6073950835257368,4.1000000000000085,29.15000000000001,66.74999999999999,95.89999999999999,4.91,35.83284009699,41.5429646567157,7.86,58.98,88.3,72.77521279072776,7.161188034768438,53.73624303952194,80.44947881298384,143.26600740187425,20.153846153846153,14.562962962962963,15.82437275985663,-24.30351075877689,Good,2695.68,2.945,2692.7349999999997,9.01,35.338,5.3662,29.971800000000002,2280.02,390.09325,1889.92675,150.587,36.7554,113.83159999999998,277.112,49.43785,227.67415000000003,7.195,2.55,4.6450000000000005,54.82,6.4162,48.403800000000004,0.62604,0.22724865,0.39879135000000004,0.41372,0.012868514999999999,0.40085148499999995,0.10569,0.035744189999999995,0.06994581000000001,0.10787,26.68,8.901472253680636,0.011729325,0.096140675,0.12716
13,BESC-133-3,BESC-133,3,15,46.121417,-123.271817,Non-coppiced,720,30,12.68947140102948,66.80710659898476,31.62,0.8146136085834579,1.5999999999999943,37.150000000000006,61.25,98.4,5.28,26.2287389278149,66.605607596668,3.87,18.06,27.3,23.83867812396485,4.7288319978269735,22.067882656525875,33.3584272714926,62.30942550590792,20.36842105263158,10.203389830508474,11.818181818181818,-19.67032967032967,Good,1907.17,0.33365,1906.83635,12.055,20.288,5.0094,15.2786,2239.81,258.318,1981.492,158.976,96.88075,62.09524999999999,526.062,50.6611,475.40090000000004,5.188,2.16425,3.0237499999999997,62.981,6.2155,56.7655,1.13586,0.26630648500000004,0.869553515,0.34179,0.014968305000000001,0.32682169499999997,0.13598,0.04260502,0.09337498,0.0795,21.584,14.175824175824175,0.015675525,0.063824475,0.11074
14,BESC-144-1,BESC-144,1,15,46.120971999999995,-123.268733,Coppiced,960,13.462000000000003,2.9574084563719074,69.22721088435374,30.05,0.8391959798994976,1.84999999999999,41.65,56.5,98.15,5.35,29.749888111204,58.5995417731958,8.2,44.26,54.1,59.46703760995545,10.322110552763819,55.71422110552764,68.10075376884424,131.1810301507538,21.025641025641022,13.01764705882353,14.312169312169312,-3.031423290203341,Good,2142.26,0.19915,2142.0608500000003,10.011,26.052,6.4742,19.5778,2232.22,570.27095,1661.9490499999997,376.101,58.6,317.501,157.238,30.0355,127.2025,6.719,2.43065,4.28835,61.886,8.11775,53.76825,1.02939,0.27297097,0.75641903,0.19932,0.02344274,0.17587726,0.08661,0.036636775,0.049973225,0.05872,52.863,15.157116451016634,0.01239145,0.04632855,0.10798
15,BESC-144-2,BESC-144,2,15,46.120936,-123.270194,Non-coppiced,1380,33.7,16.785801365890396,57.19426048565121,33.34,0.8168545429851962,0.7999999999999972,43.400000000000006,55.8,99.2,5.21,29.8704602154404,55.0595273618817,5.72,37.24,49.900000000000006,46.60372506554201,7.008611978812984,45.62949477115306,61.14156254244194,104.115462447372,19.724137931034484,12.169934640522877,13.306666666666667,-13.907815631262533,Good,3171.3,1.17355,3170.12645,13.679,27.316,5.70025,21.61575,3149.81,304.072,2845.738,1283.54,93.03405,1190.50595,210.626,49.91885,160.70715,13.656,2.5733,11.0827,90.124,7.70025,82.42375,0.95491,0.256554975,0.698355025,0.40597,0.014517015000000001,0.391452985,0.12177,0.03635419,0.08541581000000001,0.10195,56.992,11.462925851703405,0.014654845,0.087295155,0.12405
16,BESC-144-3,BESC-144,3,15,46.121564,-123.272117,Coppiced,430,22,6.057860092827217,76.81148748159058,27.72,0.8706369686269185,2.8499999999999943,41.650000000000006,55.5,97.15,5.54,22.5724553885173,66.8369618140523,7.3343848580432836,40.62442011504905,56.266666666666666,58.17547139542919,9.578379899324965,53.05368297178908,73.48176015211192,160.06748268368872,20.666024818740155,12.489863860885304,13.916178475645196,-14.765157038343006,Good,2316.99,1.52985,2315.46015,11.442,12.764,4.26555,8.498449999999998,2107.65,219.31845,1888.33155,157.115,65.67115,91.44385000000001,229.561,32.6608,196.9002,8.272,2.1089,6.1631,60.713,7.88175,52.83125,1.12885,0.228192945,0.9006570549999999,0.25014,0.024434855,0.22570514499999997,0.10344,0.034902695,0.068537305,0.05502,43.033,13.03504417898688,0.01047583,0.04454417,0.09431
17,BESC-145-1,BESC-145,1,15,46.121542,-123.268644,Coppiced,910,22,6.2167768431973744,106.76309523809523,22.72,0.8716216216216216,4.1000000000000085,40.900000000000006,54.999999999999986,95.89999999999999,5.33,27.9947864177815,61.0411887512293,7.81340273040413,30.489443054818683,45.63333333333333,29.216666666666665,10.21549613738648,39.86288669667172,59.6625,76.39763513513513,24.24950054193701,12.18254012685865,13.817257894992528,-16.063887979789303,Good,1870,0.3962,1869.6038,11.332,21.064,5.0639,16.0001,2317.79,354.0314,1963.7586,244.554,115.14125,129.41275000000002,212.929,34.148,178.781,7.164,2.51455,4.64945,56.238,5.2612,50.9768,1.58747,0.254153585,1.3333164149999999,0.62776,0.028348545000000003,0.599411455,0.12098,0.04206379,0.07891621000000001,0.10199,37.304,17.122138927109123,0.01071446,0.09127554,0.15131
18,BESC-145-2,BESC-145,2,15,46.120803,-123.270744,Non-coppiced,1360,23.5,7.0523213884447955,79.48435171385991,38.53,0.6462039929376613,2.8499999999999943,50.90000000000001,46.24999999999999,97.15,5.09,28.6471734568004,55.954321221158,10.76,53.69,79.1,71.19420270593551,10.429732446013855,52.04203857123455,76.67210376205351,136.41164097514599,21.959183673469386,14.166226912928758,15.419103313840155,-18.52085967130214,Good,2517.54,1.8489,2515.6911,11.274,23.896,5.3986,18.4974,2949.2,326.5668,2622.6331999999998,435.243,56.9309,378.3121,422.302,66.35485,355.94715,6.73,3.144,3.5860000000000003,63.002,5.19815,57.803850000000004,0.90582,0.24034908,0.66547092,0.34631,0.00888099,0.33742901000000003,0.13027,0.041947925,0.088322075,0.08056,17.152,13.603034134007586,0.009919585,0.07064041500000001,0.13143
19,BESC-145-3,BESC-145,3,15,46.121189,-123.271639,Non-coppiced,840,26.4,9.330321294039194,89.00172711571675,26.24,1.1407714246910228,0,39.650000000000006,60.79999999999998,100.44999999999999,5.56,28.1164401142698,72.1663767952323,6.88,20.43,33.8,26.848048852169935,11.772761102811355,34.95894030965639,57.837111231834854,83.74655031916339,23.724137931034484,10.266331658291458,12.426470588235293,-19.20118343195266,Good,2483.78,0.65785,2483.12215,13.029,17.211,5.46805,11.742949999999999,3323.29,311.6678,3011.6222,147.439,132.50115,14.937849999999997,268.391,51.2717,217.1193,5.675,2.5628,3.1121999999999996,57.657,10.9703,46.686699999999995,1.18731,0.312392695,0.8749173050000001,0.32862,0.012763355,0.31585664500000005,0.11805,0.049449545,0.068600455,0.0721,127.95,20.355029585798817,0.013817349999999999,0.05828265,0.10682
20,BESC-192-1,BESC-192,1,15,46.120889,-123.269003,Non-coppiced,920,28.8,11.502625553090017,54.14611398963731,32.8,0.9151500746978134,0,37.150000000000006,63.749999999999986,100.89999999999999,4.82,34.6105452329989,50.3527150921132,5.967355495657256,18.9825733752621,32.266666666666666,27.6754001493458,8.191538741398718,26.057855163491745,44.293263615374165,72.35756485128344,25.46948248111363,9.74225126611834,12.189715237910054,-22.67584027607638,Good,2105.98,0.35555,2105.62445,11.318,30.835,4.75205,26.08295,1659.73,239.36635,1420.36365,101.364,83.94285,17.421149999999997,191.803,43.0857,148.7173,7.119,1.951,5.167999999999999,69.229,6.999,62.23,1.07927,0.27770102,0.8015689799999999,0.4585,0.013222655,0.44527734500000005,0.11113,0.03619112,0.07493888000000001,0.11996,27.854,18.493870337780752,0.01489204,0.10506796,0.13909
21,BESC-192-2,BESC-192,2,15,46.121594,-123.270758,Non-coppiced,850,25.6,8.664621372346724,66.32030264817149,38.94,0.6291253565122913,4.1000000000000085,42.15000000000001,53.74999999999998,95.89999999999999,4.83,31.5609175108696,43.93092027852,7.313711533016758,63.71562047637863,90.76666666666667,76.03145606351919,6.901862063455837,60.12766867140533,85.65541728914846,145.01015041423335,23.93769036882397,14.998724245211177,16.169038368786747,-21.745135501951463,Good,2358.38,5.08955,2353.29045,9.427,19.027,5.23975,13.78725,1640.17,294.71055,1345.45945,277.987,42.826,235.16100000000003,128.863,57.76755,71.09545,5.461,2.5161,2.9449000000000005,56.769,7.41375,49.35525,0.5835,0.218891815,0.36460818500000003,0.29767,0.00946959,0.28820040999999996,0.07966,0.02911725,0.05054275,0.07653,23.727,8.057706426386439,0.012060675,0.064469325,0.10352
22,BESC-192-3,BESC-192,3,15,46.121469,-123.271817,Non-coppiced,750,25.9,8.910886983356168,71.5597667638484,28.03,1.1854203449680838,4.1000000000000085,48.40000000000001,47.49999999999998,95.89999999999999,5.35,25.0194481262542,66.9900392753528,3.2640092432119023,19.529165658570676,26.86666666666667,26.083412521258506,5.803834444600901,34.725405437882564,47.77243990221378,83.31955215265518,18.781302756166596,9.517849002128012,10.23172755381161,-15.161880018179003,Good,3407.6,0.23025,3407.36975,11.444,14.286,4.84005,9.44595,3886.15,237.53815,3648.6118500000002,134.873,118.7479,16.12509999999999,147.902,39.2606,108.64139999999999,9.223,2.24155,6.981450000000001,48.231,7.07625,41.15475,0.71734,0.25416843,0.46317157,0.33266,0.01669036,0.31596964,0.13217,0.041441525,0.090728475,0.0697,62.709,12.148917778704348,0.015546289999999999,0.05415371,0.08522
23,BESC-2-1,BESC-2,1,15,46.121414,-123.268897,Coppiced,1020,21.6,5.768482458368036,52.081592039801,20.49,0.8052763819095479,0,40.48036027020265,60.845634225669244,101.3259944958719,5.16,26.400436673913,65.9633508680592,3.75,21.9,26.817710080047025,28.905938064902564,4.529679648241207,26.453329145728645,32.39350281653922,66.69898971046833,20.833333333333336,10.528846153846153,11.509746815470823,-4.354249772115438,Good,1409.22,1.08865,1408.13135,10.526,19.087,3.9695,15.1175,1682.21,380.28875,1301.92125,136.395,105.1526,31.242400000000004,207.878,37.99765,169.88035,4.405,2.4871,1.9179000000000004,71.467,7.0892,64.3778,0.9053,0.26960446,0.63569554,0.80489,0.03304366,0.77184634,0.09844,0.03506291,0.06337709,0.10703,16.273,13.98329681694219,0.013679225,0.093350775,0.13197
24,BESC-2-2,BESC-2,2,15,46.121371999999994,-123.270208,Non-coppiced,1140,20,4.784714265722171,64.65822784810126,31.89,0.6718389243514872,0.5737091544026072,47.04415066101272,52.38214018458467,99.42629084559739,4.92,31.2624743302676,53.6927248717997,7.21,60.53,89.29898836522261,79.74895182333769,7.265937966861334,60.999615136493276,89.99180443345068,151.77131006974025,18.025,14.872235872235871,16.08990781355362,-24.142477714359796,Good,2238.6,3.81445,2234.78555,8.226,21.451,5.72705,15.72395,1955.62,452.6919,1502.9280999999999,94.165,46.8054,47.35960000000001,305.085,56.44055,248.64444999999998,6.597,2.88515,3.7118500000000005,40.296,5.4392,34.8568,0.69846,0.26000675500000003,0.43845324499999994,0.36523,0.01020716,0.35502284,0.08032,0.03933865,0.04098135,0.07925,8.535,8.073999640972334,0.013437295,0.065812705,0.1239
25,BESC-2-3,BESC-2,3,15,46.121147,-123.271692,Non-coppiced,720,21.9,5.9520513769977725,54.21001088139282,35.45,0.9801711258997692,2.065190345857175,39.014680268723566,58.92012938541926,97.93480965414282,5.46,27.4397106675028,76.3351586367475,5.47,20.86,32.38971505766494,27.574746336563233,8.042304088007606,30.669554529403776,47.62119521346622,80.5867561261377,22.791666666666668,10.12621359223301,11.996190762098122,-18.708763096175876,Good,2569.7,0.25205,2569.4479499999998,12.707,31.126,5.06545,26.06055,4110.27,268.8351,3841.4349,230.729,125.9529,104.77610000000001,224.009,54.54845,169.46054999999998,7.622,2.5275,5.0945,70.435,10.87565,59.55935,0.63535,0.322278795,0.31307120499999996,0.423,0.01561754,0.40738246,0.12245,0.05033508,0.07211492,0.08875,32.74,16.88807694128059,0.01843115,0.07031884999999999,0.12044
26,BESC-265-1,BESC-265,1,15,46.121489,-123.269519,Non-coppiced,1210,24.8,8.027528780456063,41.987363100252736,31.41,0.6420277060980579,6.693306693306695,47.9020979020979,45.404595404595405,93.3066933066933,4.89,29.3530858606466,47.8011406611867,7.22,50.18,75.24718665831222,69.5934497512345,6.953160057041967,48.32542543800082,72.46616796085287,138.60443361344014,18.049999999999997,14.056022408963585,14.812438318565393,-23.718078310826414,Good,2806.47,5.3622,2801.1077999999998,11.236,40.085,4.4534,35.6316,2069.76,276.26365,1793.4963500000003,162.007,49.0807,112.9263,144.68,332.1693,-187.48930000000001,9.532,3.45115,6.08085,64.364,7.5318,56.83220000000001,0.672,0.1999125,0.47208750000000005,0.29028,0.014473634999999999,0.275806365,0.09897,0.02664182,0.07232818,0.09777,25.289,9.595043111425666,0.01991716,0.07785283999999999,0.11072
27,BESC-265-2,BESC-265,2,15,46.121117,-123.270567,Non-coppiced,1170,25.5,8.583427774080539,44.71649484536083,34.19,0.5788401466793427,4.837509302902504,42.619697345571815,52.54279335152568,95.1624906970975,5.01,28.4006990412486,62.367503755886,9.85,52.5,76.51523660706312,69.7182872348792,8.552363167187288,45.58366155099824,66.43513617125554,120.00554904644228,21.413043478260867,14.305177111716622,15.426458993359496,-18.51296190823714,Good,2625.35,2.57375,2622.77625,9.182,45.281,5.8132,39.4678,1547.46,416.40375,1131.05625,135.526,65.949700000000007,69.5763,166.905,140.18245,26.722550000000012,5.222,2.8836,2.3384000000000005,64.897,7.8089,57.088100000000004,0.7063,0.26692815999999997,0.43937184000000007,0.39994,0.01064382,0.38929618,0.10644,0.0418079,0.0646321,0.10637,20.253,12.873253010486996,0.01718592,0.08918408,0.11034
28,BESC-265-3,BESC-265,3,15,46.120758,-123.270978,Non-coppiced,1050,22,6.017638737369683,63.88407643312102,34.57,0.6845715061795464,7.5018568952711036,45.01114137162664,47.487001733102254,92.4981431047289,5.28,28.744822729097,65.6069682767859,14.86,52.81,73.285039912285,63.03998053035876,15.25909887274209,54.22833186201277,75.25327522977167,129.49822973201262,23.587301587301585,14.38964577656676,15.36374002353983,-7.661918338320686,Good,3091.73,1.0097,3090.7203,11.575,18.271,5.4927,12.778300000000002,3110.47,279.7634,2830.7066,473.414,73.62075,399.79325,220.902,417.53295,-196.63095000000004,7.345,2.82195,4.52305,86.379,8.71705,77.66195,0.69317,0.26589268499999996,0.427277315,0.3694,0.010629635,0.358770365,0.11132,0.041712685,0.069607315,0.06852,75.51,20.27698970729355,0.02608988,0.04243012,0.09138
29,BESC-319-1,BESC-319,1,15,46.121264,-123.268642,Coppiced,1020,21,5.591287368481118,59.58899297423888,31.78,1.0758182805921501,0,41.61073825503357,61.12176414189835,102.73250239693192,5.04,25.571086171126,55.4546258857708,6.22,27.51,44.825248805058244,33.72270020907913,10.03738455792476,44.39364134863508,72.33573314485965,94.37192084009257,20.064516129032256,11.137651821862349,13.183896707370069,-24.752230273858984,Good,2850.39,1.4201,2848.9699,11.883,35.091,4.3992000000000004,30.6918,3968.24,259.429,3708.8109999999997,291.065,77.99175,213.07325,140.612,32.8827,107.7293,10.422,1.91255,8.509450000000001,48.867,4.9465,43.9205,0.54645,0.21735390999999998,0.32909609,0.41591,0.03252716,0.38338284,0.09839,0.028027879999999998,0.07036212,0.08706,76.313,13.876108143984494,0.013448665,0.073611335,0.10333
30,BESC-319-2,BESC-319,2,15,46.121092,-123.270156,Non-coppiced,1150,26,8.993872811055247,61.025791324736225,34.77,0.6798519625152791,6.786427145708586,44.11177644710579,49.101796407185624,93.21357285429141,4.91,25.770979150223,58.8422700659854,11.57,53.28,78.18079147764942,62.87692332725574,11.79883080945267,54.333768844221105,79.72704677561666,138.59096942942625,21.425925925925924,14.058047493403695,15.063736315539385,-17.05123627644583,Good,2343.77,2.55075,2341.21925,9.31,34.48,6.15245,28.327549999999995,1841.48,299.43445,1542.04555,168.802,60.1052,108.6968,215.116,64.6631,150.4529,5.214,2.86435,2.3496500000000005,64.631,5.52135,59.10965,0.5071,0.23745731500000003,0.269642685,0.41297,0.009279575,0.403690425,0.10251,0.033267380000000006,0.06924262,0.08883,29.421,14.79903155407127,0.011561279999999998,0.07726872000000001,0.1004
31,BESC-319-3,BESC-319,3,15,46.121122,-123.27145,Non-coppiced,1020,29.3,11.988874494686211,52.25940996948118,28.95,0.9502920005432569,0,38.73961895456767,64.72887151929652,103.4684904738642,5.42,28.3897471348941,71.0132254405136,8.5,22.26,41.56360858423375,31.973380372381456,12.116223006926527,31.730249898139352,59.246347126962554,88.75185948605531,24.28571428571429,10.6,13.900872436198574,-25.992951411663185,Good,3037.09,0.2048,3036.8852,11.679,23.364,4.8552,18.5088,3537.9,245.60105,3292.2989500000003,139.059,140.30835,-1.2493499999999926,163.344,54.7969,108.5471,8.258,2.7875,5.4704999999999995,57.145,10.85,46.295,0.52533,0.31234270999999997,0.21298729,0.47386,0.011410415,0.462449585,0.12793,0.04815021,0.07977978999999999,0.10031,86.747,20.450582347232213,0.015000729999999999,0.08530926999999999,0.11591
32,BESC-35-1,BESC-35,1,15,46.121111,-123.268669,Coppiced,990,21.8,6.375579976230611,47.871001031991746,27.99,1.007673502648377,0,44.650000000000006,62,106.65,4.94,28.4860896831104,51.219966816861,5.89,25.25,37.622423717028084,39.454069813117066,8.90279539589841,38.16563391280728,56.86667922758859,93.2867984045545,24.541666666666668,12.5,13.986031121571775,-17.230212933076157,Good,6626.76,2.23925,6624.520750000001,14.927,38.961,4.66005,34.30095,5228.64,271.87035,4956.76965,131.543,65.88785,65.65515,201.234,34.00115,167.23285,11.19,1.9965,9.1935,52.109,4.17175,47.93725,0.77616,0.23074766500000002,0.545412335,0.3106,0.03299194,0.27760806,0.1634,0.02471285,0.13868714999999998,0.10313,98.307,15.655557027109229,0.014765535,0.088364465,0.11088
33,BESC-35-2,BESC-35,2,15,46.121308,-123.269583,Non-coppiced,1380,21.700000000000003,5.822134617410372,75.68413391557496,25.11,0.875526280048893,0.3500000000000085,42.15000000000001,57.49999999999998,99.64999999999999,4.97,26.1885606627648,57.6040770511447,16.62,45.01,74.97640785053395,64.98827126122639,21.826870161618903,59.11115679750101,98.46572318520991,162.928544046272,23.742857142857147,13.435820895522387,15.652694749589548,-17.800809925623696,Good,2911.85,2.79375,2909.05625,9.702,20.017,6.2514,13.7656,2331.5,339.73595,1991.76405,493.506,58.4326,435.0734,341.044,37.5674,303.47659999999996,10.339,3.2781,7.0609,56.918,6.2528,50.6652,0.81812,0.235766855,0.5823531449999999,0.60565,0.018320925,0.587329075,0.0993,0.031970785,0.067329215,0.11379,32.017,22.16697288716752,0.012336375,0.101453625,0.10822
34,BESC-35-3,BESC-35,3,15,46.120867,-123.272158,Coppiced,670,16.8,3.3248689739301645,65.9560585885486,29.75,0.9527706098057857,18.35000000000001,29.65000000000001,51.999999999999986,81.64999999999999,5.06,26.5090274685061,67.1044137309069,11.15,43.8,70.6466397540043,64.3263985360328,15.935088449001764,62.59702906424012,100.96506305872849,161.71475747676462,24.77777777777778,13.476923076923075,15.425030513974733,-22.218522789846638,Good,3240.2,1.3599,3238.8401,12.168,17.543,5.56945,11.97355,2262.04,315.08195,1946.95805,300.403,51.3125,249.09050000000002,424.382,42.7236,381.65840000000003,6.815,2.5639,4.251100000000001,46.126,6.40555,39.72045,1.022,0.279305555,0.742694445,0.59725,0.027344164999999997,0.5699058349999999,0.11865,0.03523875,0.08341125,0.09334,15.394,15.782774720531576,0.01422903,0.07911097,0.11451
35,BESC-351-1,BESC-351,1,15,46.121478,-123.269219,Non-coppiced,1010,22.8,6.557535154845345,57.44683257918552,28.47,0.8892435148716555,0,42.87496880459196,57.84876466184177,100.72373346643373,4.96,28.447660777592,53.5415438783269,7.48,38.86,56.69479908361677,41.19942146657265,9.977312236859976,51.834004481868796,75.62322361808654,108.85141185657629,18.7,12.867549668874172,13.895784089121756,-18.264107556576594,Good,2856.43,2.9156,2853.5144,8.925,32.135,5.0758,27.059199999999997,2091.05,331.65025,1759.39975,65.895,48.44415,17.450849999999996,200.508,38.1689,162.3391,5.572,2.64495,2.92705,52.205,5.508,46.696999999999996,0.60477,0.23788697000000003,0.36688303,0.3806,0.020776464999999997,0.35982353499999997,0.08661,0.031659440000000004,0.05495056,0.11079,31.636,13.193450053448577,0.010964495,0.099825505,0.09652
36,BESC-351-2,BESC-351,2,15,46.120914,-123.270319,Non-coppiced,1210,18.9,4.175968585964567,53.50692225772099,33.32,0.7734619041151706,1.3039117352056167,47.291875626880646,51.40421263791374,98.69608826479438,5.04,27.1076016566332,60.4538087294166,7.21,40.72,56.3634724480018,50.53331396939945,8.36499049300557,47.24305310335462,65.39249808326164,119.30542759568866,21.205882352941174,12.529230769230768,13.848519028993069,-14.962655921851006,Good,3245.34,2.1024,3243.2376,8.838,56.298,5.9495,50.3485,2821.77,244.3575,2577.4125,205.479,78.89765,126.58135000000001,165.899,57.2824,108.6166,6.901,2.772,4.129,48.775,6.8394,41.9356,0.54336,0.25728368,0.28607631999999994,0.27304,0.00960764,0.26343236000000003,0.08913,0.036335879999999994,0.05279412000000001,0.09487,75.371,12.791972685237935,0.014949350000000002,0.07992065,0.09446
37,BESC-351-3,BESC-351,3,15,46.120925,-123.271481,Non-coppiced,1110,22.3,6.216926044674814,49.370070778564205,31.86,1.004210240391145,5.865030674846622,43.82822085889571,50.306748466257666,94.13496932515338,5.19,25.8855127491639,69.1778174250857,4.02,26.64,41.03799033395677,41.03799033395677,6.055387749558604,40.128241206030154,61.81615520764832,111.76902609832979,18.27272727272727,10.741935483870968,12.250146368345302,-25.288739164621155,Good,2712.15,0.77985,2711.37015,10.863,18.235,5.57995,12.65505,2432.93,246.53555,2186.39445,109.04,118.9721,-9.932099999999991,212.141,46.09265,166.04835,7.929,2.5406,5.388400000000001,56.638,7.2754,49.3626,0.64538,0.28137056,0.36400943999999996,0.49897,0.016017765,0.482952235,0.12024,0.03872868,0.08151132,0.09391,41.651,9.79580132283832,0.012894925,0.08101507499999999,0.10464
38,BESC-36-1,BESC-36,1,15,46.120917,-123.268703,Coppiced,870,10,1.7535654320681315,59.70504385964912,34.52,0.9005840010865137,0,30.900000000000006,71.25,102.15,5.02,28.0822433807135,56.938440294606,3.48,23.64,31.5,31.06580549484858,4.701048485671602,31.934708678527777,42.55259405133777,81.08415727285075,18.31578947368421,11.046728971962617,12.209302325581394,-13.9047619047619,Good,1442.07,1.72905,1440.34095,12.004,21.823,5.84595,15.97705,1215.24,382.61485,832.6251500000001,205.314,124.52615,80.78784999999999,195.649,43.8372,151.8118,4.703,2.26165,2.4413500000000004,69.333,5.1962,64.1368,0.68878,0.24989971,0.43888028999999995,0.63289,0.019029505,0.613860495,0.08996,0.033792880000000004,0.056167119999999994,0.12333,13.223,11.047619047619047,0.01387965,0.10945035,0.13921
39,BESC-36-2,BESC-36,2,15,46.121453,-123.269806,Non-coppiced,1000,17,3.2364822790102314,53.37657308809293,31.7,0.7119041151704469,11.599999999999994,42.15000000000001,46.24999999999999,88.4,4.98,28.3101248520067,56.1324435518351,7.11,53.12,72.1,69.63800900595554,7.592457388292817,56.72451989678122,76.99243005568383,146.49943637104442,19.216216216216218,14.356756756756756,14.896694214876034,-16.463245492371705,Good,2447.6,2.3814,2445.2185999999997,9.614,38.17,5.99,32.18,1445.56,403.33,1042.23,239.619,44.5143,195.1047,133.533,43.41715,90.11585,7.238,3.33145,3.9065500000000006,66.373,5.74145,60.631550000000004,0.68751,0.250724285,0.43678571499999996,0.32677,0.012828285,0.313941715,0.08925,0.034047,0.055202999999999995,0.10746,20.717,9.86130374479889,0.011878715,0.095581285,0.11933
40,BESC-36-3,BESC-36,3,15,46.121169,-123.272242,Coppiced,410,13.3,1.815276204140302,51.13489736070382,30.92,0.876341165285889,0,45.150000000000006,56.499999999999986,101.64999999999999,5.3,26.0354141767001,63.6433669318345,5.57,34.66,45.199999999999996,37.59178585277949,7.321830435963603,45.56097718321337,59.415931006383275,83.93248166508218,20.62962962962963,12.076655052264806,12.768361581920903,-10.995575221238935,Good,3779.43,1.17245,3778.25755,12.157,26.287,5.38675,20.90025,3151.21,279.6616,2871.5484,167.24,87.25,79.99000000000001,180.635,44.70995,135.92505,7.789,2.3315,5.4575,72.731,7.25,65.481,0.76524,0.25466989,0.51057011,0.44326,0.024557595,0.418702405,0.13403,0.03614696,0.09788304,0.09455,49.959,12.323008849557523,0.014854835,0.079695165,0.11979
41,BESC-388-1,BESC-388,1,15,46.120803,-123.269183,Non-coppiced,760,16,2.797299523364383,52.32962588473205,25.61,0.8226606002987913,0,30.900000000000006,70.75,101.65,4.91,31.7775147583612,51.2869583486638,5.4,24.11,23.5,23.01977946539666,6.663550862420209,29.751520609805784,28.998786160532394,54.65048214043189,22.500000000000004,10.574561403508772,10.262008733624453,25.57446808510637,Good,3436.82,2.059,3434.761,13.709,22.013,5.60785,16.405150000000003,4917.81,280.45345,4637.35655,282.552,64.0674,218.4846,186.344,46.92155,139.42245,6.76,2.1483,4.6117,67.156,6.91175,60.24425000000001,0.59143,0.25241054,0.33901946,0.36167,0.017127205,0.344542795,0.12414,0.036408335,0.087731665,0.12531,74.007,22.978723404255323,0.015234805,0.110075195,0.1164
42,BESC-388-2,BESC-388,2,15,46.121594,-123.270133,Non-coppiced,1020,21.3,5.567311085529374,47.802594995366086,42.21,0.7586921091946217,0,42.15000000000001,57.99999999999999,100.15,4.89,26.2640424303233,51.2605569612521,7.26,59.11,86.19999999999999,79.9019693654267,8.26215706912943,67.26943586174113,98.09888971886458,152.4979492054869,18.15,15.079081632653061,15.87476979742173,-23.004640371229684,Good,4646.16,4.33495,4641.8250499999995,10.669,34.548,5.3733,29.1747,2631.72,408.3887,2223.3313,98.284,35.1507,63.133300000000006,423.007,50.5959,372.41110000000003,9.157,2.7791,6.3779,55.968,3.89895,52.069050000000004,0.60275,0.21822774,0.38452226,0.35689,0.00664041,0.35024959,0.13057,0.0259375,0.10463249999999999,0.11988,29.308,8.422273781902554,0.011621575,0.108258425,0.12113
43,BESC-388-3,BESC-388,3,15,46.121583,-123.271586,Non-coppiced,660,12.9,1.666295038495113,52.38555442522889,41.49,0.9994227896237948,0,28.40000000000001,73.75,102.15,5.49,27.2382641220736,72.1552446734164,3.43,24.18,34,30.81578947368421,5.142030252614425,36.24906457965504,50.97056227081354,84.747606274616345,19.055555555555557,10.794642857142856,11.92982456140351,-18.794117647058826,Good,2667.24,0.0591,2667.1809,10.475,25.571,4.92315,20.647850000000002,1715.43,249.11125,1466.3187500000001,89.345,113.1743,-23.829300000000003,147.287,43.34405,103.94295,8.194,2.5642,5.629800000000001,62.991,8.0734,54.9176,0.72015,0.31217316500000003,0.4079768349999999,0.11766,0.01864977,0.09901023,0.08612,0.040542315,0.045577685,0.07906,17.157,10.088235294117649,0.017336925,0.061723075,0.10846
44,BESC-833-1,BESC-833,1,15,46.121203,-123.26865599999999,Coppiced,930,20.3,5.483289489268364,70.67358229598894,30.3,0.6940785006111639,4.1000000000000085,40.900000000000006,54.999999999999986,95.89999999999999,5.02,24.8618575981048,64.4789374038037,4.81,25.6,37.81576332181844,23.919337790798675,5.007776381909547,26.652614423468698,39.37066245881159,58.437999142228676,20.041666666666664,10.80168776371308,12.398610925186372,-19.583799641419795,Good,2768.07,2.1395,2765.9305,10.682,31.822,6.35585,25.46615,2744.8,375.95025,2368.8497500000003,317.967,40.15945,277.80755,237.47,69.051,168.41899999999998,6.838,3.10205,3.73595,61.074,4.11605,56.95795,0.65167,0.251336735,0.400333265,0.36634,0.01080408,0.35553592,0.09019,0.034638905,0.05555109500000001,0.07921,51.817,12.719563424030609,0.014497195,0.064712805,0.0916
45,BESC-833-2,BESC-833,2,15,46.121244,-123.269833,Non-coppiced,1170,27.3,10.113875436415775,86.41029641185648,33.38,0.8356308569876411,0.6458022851465444,37.704918032786885,61.64927968206657,99.35419771485346,5.22,22.9640935738573,69.6089724702,5.69,39.78,59.37590368471132,53.618619769240524,7.132109364389517,49.862093236452544,74.42450592070644,163.49382549153353,19.620689655172416,13.172185430463577,14.411627107939637,-23.420112910705804,Good,1052.21,1.7207,1050.4893,7.996,21.093,5.4385,15.654499999999999,799.276,344.8508,454.42519999999996,137.561,59.8351,77.72590000000001,224.122,35.767,188.35500000000002,3.344,1.9882,1.3558,44.741,3.6204,41.120599999999996,0.66673,0.234325915,0.43240408500000005,0.3747,0.038025915,0.33667408499999996,0.08438,0.0376589,0.046721099999999995,0.092,15.842,9.583012041743654,0.018775129999999998,0.07322487,0.08633
46,BESC-833-3,BESC-833,3,15,46.121531,-123.27116399999998,Non-coppiced,1060,27.1,9.936558237479758,63.794153471376376,26.59,0.7840893657476573,0.6211180124223574,50.13664596273292,49.24223602484472,99.37888198757764,5.06,25.9403064219621,70.3304661294057,8.48,43.88,54.546330405567346,50.51813553649196,9.973616732310202,51.6087620535108,64.15379641734518,111.24212827935796,21.743589743589745,13.501538461538463,14.204773543116492,-4.008208048664986,Good,2326.33,1.29995,2325.03005,9.391,32.44,5.1831,27.256899999999998,1859.15,268.82645,1590.32355,173.151,51.5191,121.6319,295.953,80.57485,215.37814999999998,6.418,2.6226,3.7954000000000003,60.118,5.94425,54.17375,0.66812,0.27743312000000003,0.39068688,0.40912,0.01037086,0.39874914,0.10204,0.04507245,0.056967550000000006,0.08115,49.865,15.546417031079468,0.012663694999999999,0.068486305,0.09805
47,BESC-841-1,BESC-841,1,15,46.12105,-123.269514,Non-coppiced,1000,22,6.017638737369683,57.07015590200446,34.09,0.9239779980986014,0,44.39473030077058,62.14267959234402,106.5374098931146,4.97,24.3051810707915,64.3464330721902,3.98,23.4,35.30876772610698,32.20212570762234,5.516148648648651,32.43162773326091,48.93678677834525,74.7590738895771,16.583333333333332,9.957446808510637,11.389925072937734,-22.455520927864388,Good,2847.05,1.84195,2845.20805,11.004,21.337,5.1875,16.1495,2641.96,292.20125,2349.75875,157.841,104.6,53.241000000000014,167.609,44.12375,123.48525000000001,9.611,2.2275,7.383500000000001,66.099,4.99125,61.10775,0.92094,0.244925,0.676015,0.32787,0.01833925,0.30953074999999997,0.10165,0.03277425,0.06887575000000001,0.07982,41.924,11.27198782714024,0.015717,0.06410300000000001,0.10028
48,BESC-841-2,BESC-841,2,15,46.121031,-123.269894,Non-coppiced,1110,20.1,4.842464762926866,72.18741633199464,40.66,0.9077142469102267,0,46.70629024269441,55.720653789004444,102.42694403169885,5.07,25.2795813369565,65.5495402241163,5.25,33.45,49.77167449587631,46.98582691219386,7.148249694418036,45.54456233872063,67.76768704872795,99.01770063014857,19.444444444444443,12.119565217391306,13.307934357186177,-22.244930692041756,Good,2031.59,2.2337,2029.3563,10.391,28.128,6.46805,21.659950000000002,1678.02,326.68335,1351.33665,386.191,74.7361,311.45489999999995,138.324,60.45,77.87400000000001,7.787,2.83195,4.95505,62.542,5.65555,56.88645,0.91444,0.26312639,0.6513136100000001,0.57309,0.010420279999999999,0.56266972,0.07973,0.034611804999999995,0.045118195,0.08732,16.092,10.54816831697108,0.013806665000000001,0.073513335,0.10899
49,BESC-841-3,BESC-841,3,15,46.120883,-123.271428,Non-coppiced,1090,22.200000000000003,6.150075298498578,52.444910807974814,33.03,0.9094119244873016,0,44.6165375968024,58.705970522108416,103.32250811891082,5.11,28.4127177692308,68.7105539420537,4.36,35.79,52.339217919424485,43.92160685921387,5.947553986146953,48.82177916610079,71.39686334139611,120.51971408158354,18.956521739130434,12.341379310344827,13.630004666516788,-23.28888050675427,Good,3030.15,1.13015,3029.01985,12.351,30.816,6.50865,24.30735,2905.1,294.6546,2610.4454,275.571,109.5318,166.03920000000002,277.73,51.36705,226.36295,10.614,3.1821,7.431900000000001,70.187,9.46245,60.724549999999994,0.74727,0.302683525,0.444586475,0.38181,0.016881505,0.36492849499999996,0.10491,0.044785985,0.060124015,0.09091,83.886,8.330273499142002,0.01817399,0.07273601,0.11358
50,BESC-876-1,BESC-876,1,15,46.121289,-123.268636,Coppiced,1010,24.5,8.004304786367113,51.76759776536313,25.67,0.9748064647562137,4.900000000000006,35.90000000000001,59.19999999999998,95.1,5.39,27.1451915841695,63.6733895599002,7.72,30.13,39.4,30.756754668881207,11.288258861876955,44.05637817465708,57.61106206709223,81.10929648241208,19.794871794871792,11.588461538461537,12.236024844720497,-3.934010152284257,Good,5301.36,0.2559,5301.1041,16.346,25.612,4.34825,21.263749999999998,7784,305.85155,7478.14845,457.078,186.71505,270.36294999999996,199.358,32.50985,166.84815,9.891,2.44325,7.44775,56.237,8.45085,47.78615,0.8831,0.2640393,0.6190607,0.36655,0.03707391,0.32947609,0.14429,0.03588406,0.10840594,0.11197,93.373,19.593908629441625,0.015170085,0.096799915,0.11595
51,BESC-876-2,BESC-876,2,15,46.120897,-123.270272,Non-coppiced,1300,30,12.68947140102948,67.94857916102842,31.78,0.8962719000407444,2.8499999999999943,42.95,54.2,97.15,5.02,30.4837924241918,55.9985456751921,5.811894199953143,37.44601539904633,59.233333333333334,52.00347312686473,7.813556186141677,50.342717055987336,79.63375831862015,126.05527468423199,22.021021830086216,12.501724588200128,13.807328864832282,-26.970327069781412,Good,4881.96,1.54265,4880.41735,13.77,22.158,5.8744,16.2836,3890.71,249.4465,3641.2635,490.522,89.5224,400.9996,260.954,48.68285,212.27115,9.882,3.03605,6.84595,78.03,7.5286,70.5014,0.82189,0.27100373,0.55088627,0.47475,0.013065299999999998,0.4616847,0.15064,0.03568346,0.11495654,0.10326,66.267,9.81186415298786,0.014675249999999999,0.08858475,0.10778
52,BESC-897-1,BESC-897,1,15,46.121281,-123.26931100000002,Non-coppiced,980,27.700000000000003,10.474020933193477,64.81449631449632,37.55,0.936269183756621,1.2730204373518035,42.02501260867928,56.70196695396891,98.7269795626482,5.26,25.7486184021739,73.0734911997661,7.74,39.76,62.30058681153711,45.94476197031665,10.870085223414371,55.839094119244876,87.49517934239454,115.39854074399715,20.36842105263158,13.297658862876252,14.904446605630884,-23.756737406518727,Good,1626.68,1.03465,1625.64535,10.269,30.236,5.78125,24.45475,1397.03,322.3775,1074.6525,139.657,60.4475,79.20950000000002,162.385,47.05125,115.33374999999998,5.724,2.91375,2.8102500000000004,55.853,3.39125,52.46175,0.75669,0.28951625,0.46717375,0.42629,0.019604,0.406686,0.07958,0.043588375,0.035991625,0.08823,28.382,12.423638999443053,0.013476625,0.074753375,0.09898
53,BESC-897-2,BESC-897,2,15,46.121292,-123.269731,Non-coppiced,1270,26,8.993872811055247,75.79154929577464,38.52,0.8422517995382317,0,46.723361680840426,53.32666333166584,100.05002501250627,4.99,25.6023964250279,61.2498852244095,4.69,35.79,51.4733513410211,40.71797906179821,5.925241409751461,45.216287858209974,65.030284192858,94.94594357082894,18.03846153846154,12.513986013986015,13.799826096788497,-21.357364645227747,Good,1407.88,1.85805,1406.02195,8.863,24.794,6.78455,18.00945,1092.61,234.8744,857.7355999999999,192.837,56.7788,136.0582,160.73,154.84445,5.885549999999995,3.539,3.197,0.3420000000000001,46.112,4.09675,42.01525,0.77496,0.237270735,0.537689265,0.34399,0.015444354999999998,0.328545645,0.08264,0.03298387,0.04965613000000001,0.06727,14.011,9.111510864967439,0.0165,0.050769999999999996,0.08911
54,BESC-897-3,BESC-897,3,15,46.121269,-123.271286,Non-coppiced,660,18.9,4.175968585964567,74.99418604651163,30.65,0.7096631807687084,1.8453865336658453,45.785536159601,52.36907730673315,98.15461346633415,5.3,28.096612046544,72.0307203338894,6.38,26.1,39.04673928613922,34.39341324820325,6.79147663995654,27.783313527094936,41.565049800672064,61.325889472001684,22.785714285714285,10.78512396694215,12.395790249568003,-16.817638056835833,Good,2314.26,0.48035,2313.7796500000004,10.673,25.092,5.97935,19.11265,2259.23,292.56555,1966.66445,489.983,87.5364,402.4466,209.297,233.5085,-24.2115,7.795,3.4721,4.3229,62.395,6.93445,55.460550000000005,0.97905,0.29661772000000003,0.68243228,0.25177,0.01165546,0.24011454,0.10008,0.049118325,0.050961675000000005,0.06462,39.005,16.339392524550103,0.022045265,0.042574734999999995,0.09051
55,GW-11026-1,GW-11026,1,15,46.120983,-123.269047,Non-coppiced,1000,17.400000000000002,3.4227057921725605,69.4774647887324,26.36,0.9581352709493414,0.3500000000000085,38.400000000000006,61.249999999999986,99.64999999999999,5.17,23.8497469138796,69.2480007168053,4.59,23.53,36.5,29.581150882769585,6.596761340486215,33.81738438815701,52.45790608447644,87.20975655303545,19.125,10.793577981651376,12.5,-22.95890410958904,Good,4182.4,0.2887,4182.1113,14.783,18.331,5.21545,13.115549999999999,4689.58,322.59655,4366.98345,192.586,131.34145,61.244550000000004,233.207,42.86075,190.34625,10.252,2.55285,7.699150000000001,80.416,6.41465,74.00135,0.83284,0.26098272499999997,0.571857275,0.5453,0.015585364999999999,0.529714635,0.14972,0.034564330000000004,0.11515566999999999,0.09841,115.29,12.575342465753426,0.011797665,0.086612335,0.10527
56,GW-11026-2,GW-11026,2,15,46.121486,-123.270003,Non-coppiced,940,16.5,3.01221509712473,58.21805392731535,28.32,0.7633097922042646,8.299999999999997,43.400000000000006,48.3,91.7,5.34,18.2259435264771,83.7296544033943,3.82,46.02,64,61.64270936192222,4.373765109330437,52.6912749558604,73.27774005160941,133.5347854135543,18.19047619047619,13.778443113772457,14.746543778801843,-22.124999999999993,Good,3447.24,2.4049,3444.8351,11.75,23.266,5.20385,18.06215,4111.02,318.5034,3792.5166000000004,265.497,40.75675,224.74025,121.401,29.86485,91.53614999999999,8.354,2.73425,5.61975,59.249,5.51465,53.734350000000006,0.8261,0.24296734,0.58313266,0.343,0.016064975000000002,0.32693502500000005,0.11502,0.030844595,0.084175405,0.08169,32.145,5.96875,0.011318805000000001,0.070371195,0.11849
57,GW-11026-3,GW-11026,3,15,46.1212,-123.271222,Non-coppiced,580,14,2.028800498342162,56.36393805309735,38.94,0.7673842183892435,12.349999999999994,43.400000000000006,44.25,87.65,4.89,34.0991552165552,46.8118318919684,6.77,38.19,48.3,37.493694982394366,7.792786737742768,43.95960495042781,55.5969866223007,86.77068620127666,21.838709677419352,12.521311475409837,13.379501385041552,-6.915113871635619,Good,4388.33,4.3052,4384.0248,16.381,17.961,6.04435,11.916649999999999,4564.96,308.95885,4256.00115,221.582,54.2305,167.3515,214.389,47.66015,166.72885000000002,9.824,3.0011,6.8229,83.04,5.6753,77.3647,0.89351,0.24720671000000002,0.64630329,0.45625,0.007181274999999999,0.449068725,0.16089,0.038529005,0.122360995,0.10044,98.554,14.016563146997928,0.011028244999999999,0.08941175500000001,0.13154
58,GW-9768-1,GW-9768,1,15,46.121425,-123.269425,Non-coppiced,1370,21.8,5.886883596328561,72.0266106442577,22.81,0.34649599348091814,10.350000000000009,41.699999999999996,47.949999999999996,89.64999999999999,5.13,22.8598267327202,57.583563019219,3.23,38.83,53.099999999999994,39.433556542758204,1.6787730884150485,20.181659140296073,27.598405880755127,61.48405371451854,14.043478260869565,13.074074074074073,13.756476683937823,-20.7909604519774,Good,1789.09,4.81895,1784.2710499999998,14.502,11.248,5.2442,6.003799999999999,1371.57,337.2052,1034.3647999999998,219.069,45.2081,173.8609,335.396,30.58235,304.81365,5.807,3.2558,2.5512000000000006,107.912,7.81215,100.09985,1.28066,0.2043974,1.0762626,1.15373,0.023264595,1.1304654049999998,0.11712,0.026569655,0.090550345,0.098,14.053,6.0828625235404905,0.011511995,0.086488005,0.15877
59,GW-9768-2,GW-9768,2,15,46.121617,-123.269886,Non-coppiced,1160,19.9,4.727368187944329,62.773148148148145,34.57,0.8332880619312781,8.350000000000009,42.15000000000001,49.49999999999998,91.64999999999999,5.1,25.1157049576366,64.1086721825854,2.66,18.77,24.2,41.541302531445474,3.3248193671058006,23.461225383675135,30.248356648105393,93.69008046991715,19,9.878947368421052,10.803571428571429,-11.446280991735536,Good,1928.53,1.58785,1926.94215,11.215,17.797,5.33745,12.45955,1700.74,353.73495,1347.00505,321.619,36.4604,285.15860000000004,214.914,60.22815,154.68585,6.867,3.1653,3.7017,75.427,4.19945,71.22755000000001,0.90326,0.25553552,0.6477244799999999,0.35936,0.007624725,0.351735275,0.11377,0.03440642,0.07936357999999999,0.10705,18.464,10.991735537190085,0.01015246,0.09689754,0.13338
60,GW-9768-3,GW-9768,3,15,46.121264,-123.271436,Non-coppiced,840,25,8.184139886840102,93.77079482439925,30.88,0.5375186744533478,9.490796079368863,40.30600047812576,50.20320344250538,90.50920392063114,5.35,23.0219546229097,62.4631785547852,8.51,22.62,40.5,28.389401157946462,6.861425879396984,18.238008624202088,32.654259473040874,67.67737505093032,26.59375,10.570093457943925,13.590604026845638,-23.135802469135797,Good,4119.83,2.05875,4117.77125,15.206,11.969,4.8892,7.0798,4093.63,336.5189,3757.1111,198.69,36.52975,162.16025,273.113,54.52025,218.59275,6.357,3.0243,3.3327,68.715,3.2419,65.4731,1.06462,0.22890675500000002,0.8357132449999999,0.51352,0.00746365,0.5060563499999999,0.15552,0.030077839999999998,0.12544216,0.09637,82.151,21.012345679012345,0.007833785000000001,0.088536215,0.08125
61,GW-9776-1,GW-9776,1,15,46.121,-123.269258,Non-coppiced,1160,24.3,7.643710747994928,60.21111111111111,31.41,1.0851894608176016,2.8499999999999943,37.150000000000006,60,97.15,4.96,46.1963078350056,37.6593296095034,2.24,17.59,22.9,22.41509701348916,3.6462365883471413,28.632723923672422,37.27625797908461,65.25090146679344,17.230769230769234,9.994318181818182,10.315315315315315,-13.406113537117905,Good,3859.18,0.192,3858.988,27.434,27.297,5.57875,21.71825,6618,374.587,6243.4130000000005,703.303,117.7569,585.5461,255.57,51.59805,203.97195,10.76,2.5083,8.2517,75.29,5.4475,69.8425,0.99256,0.27427624500000003,0.718283755,0.47346,0.01112265,0.46233735,0.14958,0.038086465,0.11149353499999999,0.09891,59.249,9.78165938864629,0.013709115,0.085200885,0.1138
62,GW-9776-2,GW-9776,2,15,46.121453,-123.270133,Non-coppiced,1270,26.9,9.761070794324157,70.35034482758621,28.92,0.6702091538774957,15.649999999999991,37.150000000000006,47.2,84.35000000000001,5.46,21.4365129732441,65.916210303796,10.53,57.57,87.10000000000001,83.64941139468009,10.585953585495044,57.87591148309114,87.56282595409482,189.63411313323377,20.64705882352941,14.648854961832061,15.581395348837209,-21.81400688863377,Good,5001.93,4.6053,4997.3247,13.426,15.324,5.0219,10.3021,3389.78,358.22345,3031.5565500000002,215.853,37.4531,178.3999,264.398,41.775,222.62300000000002,9.633,2.7922,6.8408,82.187,5.2969,76.8901,1.21446,0.224628125,0.9898318750000001,0.47371,0.01025797,0.46345203,0.14589,0.029448905,0.116441095,0.09193,73.974,12.089552238805968,0.01263172,0.07929828,0.11263
63,GW-9776-3,GW-9776,3,15,46.120906,-123.271625,Non-coppiced,1180,25,8.184139886840102,66.42043795620437,28.68,0.8272103762053511,0,49.650000000000006,52.5,102.15,5.75,25.9923090732999,80.9770652308873,4.47,29.2,38.6,36.28011457930752,5.546445572456879,36.23181447779437,47.89548078228983,81.27733600434607,19.43478260869565,12.016460905349794,12.532467532467532,-12.7720207253886,Good,7791.87,0.29505,7791.57495,16.934,22.19,5.81365,16.376350000000002,7448,231,7217,808.822,93.8789,714.9431,495.271,66.8711,428.3999,16.179,3.3494,12.8296,76.802,8.36025,68.44175000000001,1.06799,0.32687577500000004,0.741114225,0.35706,0.01082795,0.34623205,0.19554,0.04962764,0.14591236,0.10036,193.432,11.580310880829014,0.013644874999999999,0.086715125,0.09965
64,GW-9854-1,GW-9854,1,15,46.120794,-123.269569,Non-coppiced,850,14.5,2.2074917157199727,83.8330550918197,15.56,0.981257639549097,0,40.38941587618572,60.35946080878682,100.74887668497254,5.4,26.1363493347269,72.5537797642275,2.81,19.27,26.56053141329228,24.621036088641926,4.136000950699444,28.36325207116665,39.09408653966524,71.01662490717848,16.52941176470588,10.036458333333334,10.498233760194577,-16.869133164444104,Good,2758.4,0.32335,2758.07665,11.212,13.173,5.2819,7.8911,3467.36,296.27925,3171.08075,189.082,130.97075,58.111249999999984,304.326,47.44945,256.87655,7.8,2.94415,4.85585,53.706,9.27525,44.43075,0.8574,0.291234045,0.566165955,0.42019,0.023191355,0.396998645,0.10733,0.04320306,0.06412694,0.06145,122.632,10.579607599996018,0.019594280000000002,0.04185572,0.09435
65,GW-9854-2,GW-9854,2,15,46.120978,-123.270358,Non-coppiced,1190,13.3,1.7933021757641454,66.6181592039801,35.76,0.7300692652451446,4.123969007748059,46.6883279180205,49.18770307423144,95.87603099225194,5.16,27.3415159997213,67.2910017129586,8.3,42.66,63.714593473752416,57.46671492301671,9.08936235230205,46.717132283036804,69.77409966416326,126.69233102366346,21.842105263157897,13.045871559633026,14.447753622166076,-20.018323555665074,Good,1990.38,1.17715,1989.2028500000001,11.43,31.393,6.19265,25.20035,2583.53,211.9587,2371.5713,1257.74,105.22705,1152.51295,350.828,283.1858,67.6422,9.898,3.32915,6.568849999999999,72.697,7.68235,65.01465,0.84647,0.27268463499999995,0.573785365,0.22328,0.00976686,0.21351314000000002,0.08409,0.039389679999999996,0.04470032,0.09374,44.984,13.026842905965072,0.022480965000000002,0.071259035,0.12446
66,GW-9854-3,GW-9854,3,15,46.121075,-123.271742,Non-coppiced,790,14.5,2.2074917157199727,49.720111214087126,42.78,0.9426524514464213,0,40.38,60.75,101.13,5.34,27.2780504094203,75.4694345836052,5.89,24.22,35.794020757826146,33.00077226988634,8.328334408529132,34.24656356104848,50.61198212173336,90.09775558363748,21.03571428571428,10.669603524229075,11.73574451076267,-15.879805167133593,Good,1790.07,0.44745,1789.62255,12.522,31.684,5.63245,26.05155,1605.02,264.6311,1340.3889,245.192,135.08785,110.10415,200.853,115.1743,85.6787,8.105,2.64325,5.46175,72.473,9.28245,63.19055,0.90702,0.31735946,0.5896605400000001,0.44016,0.017079595,0.423080405,0.10154,0.045359055,0.056180945,0.07144,29.666,16.455262290454435,0.022637295,0.048802705,0.14195
67,SLMC-28-2-1,SLMC-28-2,1,15,46.121519,-123.269211,Non-coppiced,1280,16.400000000000002,2.9684875344353725,70.22849462365592,29.33,0.7021933994295804,4.1000000000000085,38.400000000000006,57.499999999999986,95.89999999999999,5.13,25.5443911789298,58.5596073680097,8.64,48.09,73.3,52.48725296942128,9.100426456607362,50.65272086785278,77.20616426728236,105.77824595952738,18.382978723404257,13.395543175487466,14.68937875751503,-22.60572987721691,Good,1431.92,2.9914,1428.9286,8.776,13.235,5.1163,8.1187,1669.7,390.39705,1279.30295,151.261,43.0976,108.1634,166.454,63.29145,103.16255000000001,4.583,3.27275,1.3102500000000004,57.701,5.0588,52.6422,0.65924,0.233377005,0.425862995,0.50312,0.010287165000000001,0.492832835,0.08107,0.033010695,0.048059305000000004,0.10175,27.791,11.787175989085949,0.0088627,0.09288729999999999,0.09707
68,SLMC-28-2-2,SLMC-28-2,2,15,46.121014,-123.270239,Non-coppiced,1120,15.9,2.7554284334510974,63.00242424242424,35.02,0.7453144098872743,0.7999999999999972,44.650000000000006,54.55,99.2,5,27.855074690078,53.9832502959837,5.18,35.26,52.9,44.57086347545021,5.79109296482412,39.41967913893793,59.14069842455521,103.23772409344018,19.92307692307692,12.20069204152249,13.598971722365038,-23.5538752362949,Good,3647.47,2.13715,3645.33285,14.251,22.328,5.1383,17.1897,3046.01,344.27665,2701.7333500000004,538.595,56.0444,482.55060000000003,190.542,46.934,143.608,10.701,2.5977,8.1033,102.963,6.8401,96.12289999999999,0.80382,0.23202792,0.57179208,0.49548,0.012971445,0.48250855499999995,0.12681,0.0347882,0.09202180000000001,0.12728,60.021,9.792060491493384,0.011462054999999999,0.115817945,0.12547
69,SLMC-28-2-3,SLMC-28-2,3,15,46.121089000000005,-123.2722,Coppiced,690,11.9,1.7466455031706827,55.074388947927744,23.59,0.9443501290234959,0,43.400000000000006,57.499999999999986,100.89999999999999,4.91,29.5352345752508,52.0623546634562,9.59,33.44,50.9,37.78570543200875,13.584476606002989,47.368602471818555,72.10113235094391,105.57468762732583,23.974999999999998,12.57142857142857,14.178272980501394,-15.461689587426322,Good,3504.51,2.4798,3502.0302,12.285,16.302,4.9,11.402,2799.99,250.83935,2549.1506499999996,247.018,77.5064,169.5116,203.886,35.97445,167.91155,7.477,2.36275,5.11425,74.65,6.367,68.283,0.66307,0.23606702,0.42700298000000003,0.66111,0.025850639999999998,0.6352593599999999,0.11614,0.03304968,0.08309032,0.11272,51.334,18.840864440078587,0.011925215,0.100794785,0.11607
