ord,tree,genotype,block,Depth,latitude,longitude,Row,Column,Trait,BD,MCwetBD,MCdryBD,MCwetCHEM,MCdryCHEM,pH,Sand,Clay,Silt,POMpN,POMpC,MAOMpN,MAOMpC,POMN,POMC,MAOMN,MAOMC,TotpN,TotpC,TotC,pCa,pK,pMg,pP,pC,pN,pS,Lig,Alppm,Bppm,Crppm,Cuppm,Feppm,Mnppm,Nappm,Nippm,Znppm,root_CN,agb,cop_id,height,TotC_st,MAOMC_st,POMC_st,pMAOM,pPOM,MAOM_POM,TotC_agb,MAOM_CN,POM_CN,soil_CN,C_chk,C_chk_abs,C_chk_rel,C_chk_id,TotC_st_30,TotC_30
1,BESC-102-1,BESC-102,1,15,46.121497,-123.268847,18,8,HF,0.8840146679342659,0.3735774607222771,0.5963665693654941,0.41999999999999993,0.7241379310344825,5.106,0,45.900000000000006,55.749999999999986,0.8930000000000002,19.61,0.313,4.05,0.53,11.56,3.05,39.52,0.406,6.04,60.4,0.71988,0.43521,0.15765,0.07964,47.489,0.955,0.08403,26.58,7378.17,16.35,73.565,15.167,6213.76,152.445,285.622,7.073,55.162,49.726701570680625,5.374591944077967,Coppiced,930,80.0917289148445,52.40438951514328,15.328814341980172,65.43046357615894,19.13907284768212,3.4186851211072664,11.2380624665938,12.95737704918033,21.81132075471698,14.876847290640393,15.430463576158928,-9.319999999999993,-15.430463576158928,Good,99.32942245008829,44.21546849849237
2,BESC-102-2,BESC-102,2,15,46.121142,-123.270561,61,21,HF,0.6193467336683417,0.4093322971310148,0.6929992873197741,0.43400000000000005,0.76678445229682,5.089,7.849999999999994,45.150000000000006,47,0.8050634630594267,16.53,0.298,3.4,0.4,9.36559350870312,2.83,52.9718707651,0.526,7.636666666666666,76.36666666666666,0.8155,0.36465,0.12897,0.10552,51.277,1.017,0.11408,32.71,5044.21,11.643,54.669,21.753,3243.34,283.393,307.614,9.595,73.663,50.419862340216326,3.864154206112069,Non-coppiced,1000,70.94616834170854,49.21193270199931,8.70082462272105,69.36517341567003,12.263981024054718,5.656007888434949,19.762841386059286,18.717975535371025,23.413983771757795,14.518377693282634,18.37084556027526,-14.029202392863539,-18.37084556027526,Good,132.2236944859432,70.85998598904598
3,BESC-102-3,BESC-102,3,15,46.121067,-123.27178899999998,92,22,HF,0.7910837973652045,0.3241181248549548,0.4795484784754711,0.352,0.5432098765432097,5.7,8.39079607936886,38.2060004781258,51.2032034425054,0.641937000572722,13.3,0.399,5.64,0.37,7.59,3.68,51.99,0.385,5.35,53.5,0.75848,0.6104,0.19529,0.14161,44.073,1.107,0.10951,24.03,8403.85,16.98,256.507,23.006,8770,165.941,335.891,15.061,51.25,39.8130081300813,8.027528780456063,Non-coppiced,710,63.48447473855765,61.69266993752548,9.006489033002854,97.17757009345794,14.186915887850468,6.849802371541502,6.664566576235998,14.127717391304348,20.513513513513512,13.896103896103895,11.364485981308409,6.079999999999998,11.364485981308409,Good,104.23234754855358,42.84569358958256
4,BESC-119-1,BESC-119,1,15,46.121625,-123.268506,9,4,HSG,0.8169903571913623,0.3625428603030638,0.5687329197935193,0.3459999999999999,0.5290519877675839,5.706,0,37.90262172284645,62.87141073657929,0.5610000000000002,11.57,0.28,3.39,0.34,7.07,2.65,32.04,0.3320000000000001,4.243181438689318,42.43181438689318,0.90493,0.71556,0.09802,0.11765,51.781,0.997,0.11546,35.71,2109.76,11.844,14.033,24.694,1833.12,149.316,107.555,4.876,57.833,51.93681043129388,3.344783984083462,Coppiced,720,51.99957478833816,39.26455656661687,8.664182738014398,75.50938007943606,16.662026128639603,4.5318246110325315,12.68596554779317,12.090566037735849,20.794117647058822,12.780666984003966,7.8285937919243445,-3.3218143868931804,-7.8285937919243445,Good,72.03719532344613,29.87677575466655
5,BESC-131-1,BESC-131,1,15,46.121186,-123.268422,6,20,LSG,0.7943093847616461,0.38928627369080565,0.6374284004445585,0.366,0.5772870662460569,5.454,3.8832550086569313,38.783081869898595,57.333663121444474,0.6490000000000001,12.98,0.36600000000000005,4.99,0.39,7.85,3.54,48.31,0.4460000000000001,6.785570041400381,67.8557004140038,0.64087,0.33447,0.06985,0.08973,53.107,0.939,0.10276,25.55,2443.64,10.979,53.096,28.368,2629.39,170.083,129.5,7.14,49.091,56.556975505857295,2.2288054295196456,Coppiced,730,80.84762947262692,57.5596295667527,9.352993005568383,71.19519761088483,11.568666968442265,6.154140127388535,30.44487397387045,13.646892655367232,20.128205128205128,15.214282604036724,17.23613542067291,-11.695700414003802,-17.23613542067291,Good,156.2459861207323,67.3421251972343
6,BESC-131-2,BESC-131,2,15,46.120867,-123.270444,57,31,LSG,0.701819910362624,0.41750035226151894,0.7167392356071601,0.4,0.6666666666666666,5.579,7.1801242236024905,41.88819875776398,50.93167701863353,0.8160000000000002,18.11,0.39800000000000013,5.71,0.41,9.15,3.83,54.95,0.4970000000000001,7.552125670021818,75.52125670021817,0.63574,0.3465,0.10121,0.09406,52.093,0.977,0.10809,37.24,2502.82,9.928,19.896,39.533,1375.17,149.925,156.146,8.133,72.11,53.31934493346981,6.980348377189824,Non-coppiced,1290,79.50348241172976,57.84750611163929,9.632478269727015,72.76097141513968,12.115794148289865,6.005464480874317,10.8191242928511,14.347258485639687,22.31707317073171,15.195423883343695,15.123234436570455,-11.421256700218166,-15.123234436570455,Good,120.22659798961922,65.37996942318478
7,BESC-131-3,BESC-131,3,15,46.120785999999995,-123.272211,102,32,LSG,0.8510457693874779,0.34877497466808705,0.5355675244364653,0.3380000000000001,0.5105740181268884,5.311,9.691420828785425,42.73703639579961,47.57154277541496,0.394391305533586,7.18,0.3810000000000001,5.2,0.29,5.34,3.62,49.4,0.4490000000000001,6.663035490806676,66.63035490806676,0.92304,0.33967,0.10522,0.06242,51.732,0.688,0.08309,36.43,3820.98,11.537,71.109,24.719,2538.57,88.533,304.988,9.172,53.832,75.19186046511628,5.280327232225427,Coppiced,600,85.05822248594458,63.06249151161211,6.816876612793697,74.14038251508588,8.01436523543641,9.250936329588015,12.618603351214084,13.646408839779005,18.413793103448278,14.839722696674107,17.845252249477713,-11.890354908066769,-17.845252249477713,Good,138.25288668531982,55.9285756092528
8,BESC-133-1,BESC-133,1,15,46.121269,-123.269267,28,16,LPCA,0.6188374303952194,0.39558945448516,0.6545045539339404,0.34800000000000003,0.5337423312883437,5.366,0,43.400000000000006,56.75,0.5497775111135353,10.2,0.328,4.28,0.19,3.55,3.19,41.59,0.391,5.51,55.099999999999994,0.99962,0.39281,0.1021,0.10997,53.064,0.888,0.12806,36.14,2603.71,12.659,19.289,43.761,3284.72,295.736,234.442,10.102,54.246,59.75675675675676,8.027528780456063,Non-coppiced,1070,51.14691362216489,38.60617309520576,3.2953093168545435,75.480943738657,6.442831215970962,11.71549295774648,6.86388071683371,13.037617554858935,18.684210526315788,14.092071611253196,18.07622504537204,-9.959999999999994,-18.07622504537204,Good,96.3366189053375,49.092587594082524
9,BESC-133-2,BESC-133,2,15,46.121514000000005,-123.270581,62,7,LPCA,0.6073950835257368,0.44033913152296333,0.7867963553021411,0.42685370741482964,0.7447552447552447,5.269,4.1000000000000085,29.15000000000001,66.74999999999999,0.643121062535795,12.95,0.43,6.255,0.39,7.86,4.05,58.98,0.558,8.83,88.3,0.62604,0.41372,0.10569,0.10787,51.31,1.239,0.12716,37.29,2695.68,9.01,26.68,35.338,2280.02,150.587,277.112,7.195,54.82,41.41242937853107,4.959182288186627,Non-coppiced,1020,80.44947881298384,53.73624303952194,7.161188034768438,66.79501698754247,8.901472253680636,7.5038167938931295,17.80535476793045,14.562962962962963,20.153846153846153,15.82437275985663,24.30351075877689,-21.459999999999994,-24.30351075877689,Good,143.26600740187425,72.77521279072776
10,BESC-133-3,BESC-133,3,15,46.121417,-123.271817,93,10,LPCA,0.8146136085834579,0.30790976749552884,0.4448982994331446,0.316,0.4619883040935673,5.308,1.5999999999999943,37.150000000000006,61.25,0.4631655712220798,9.56,0.183,1.87,0.19,3.87,1.77,18.06,0.231,2.73,27.3,1.13586,0.34179,0.13598,0.0795,52.644,0.788,0.11074,31.62,1907.17,12.055,21.584,20.288,2239.81,158.976,526.062,5.188,62.981,66.80710659898476,12.68947140102948,Non-coppiced,720,33.3584272714926,22.067882656525875,4.7288319978269735,66.15384615384615,14.175824175824175,4.666666666666666,2.151389852045783,10.203389830508474,20.36842105263158,11.818181818181818,19.67032967032967,-5.370000000000001,-19.67032967032967,Good,62.30942550590792,23.83867812396485
11,BESC-144-1,BESC-144,1,15,46.120971999999995,-123.268733,14,27,LF,0.8391959798994976,0.39627250299225675,0.6563764363165561,0.36199999999999993,0.5673981191222569,5.205,1.84999999999999,41.65,56.5,0.8990000000000002,18.73,0.338,4.4,0.39,8.2,3.4,44.26,0.378,5.41,54.1,1.02939,0.19932,0.08661,0.05872,50.882,0.735,0.10798,30.05,2142.26,10.011,52.863,26.052,2232.22,376.101,157.238,6.719,61.886,69.22721088435374,2.9574084563719074,Coppiced,960,68.10075376884424,55.71422110552764,10.322110552763819,81.81146025878003,15.157116451016634,5.397560975609756,18.293042979382314,13.01764705882353,21.025641025641022,14.312169312169312,3.031423290203341,-1.6400000000000077,-3.031423290203341,Good,131.1810301507538,59.46703760995545
12,BESC-144-2,BESC-144,2,15,46.120936,-123.270194,29,29,LF,0.8168545429851962,0.38817964498245267,0.6344667054618008,0.33466933867735466,0.503012048192771,5.351,0.7999999999999972,43.400000000000006,55.8,0.7870394087326478,15.76,0.32,3.9,0.29,5.72,3.06,37.24,0.375,4.99,49.900000000000006,0.95491,0.40597,0.12177,0.10195,51.818,0.906,0.12405,33.34,3171.3,13.679,56.992,27.316,3149.81,1283.54,210.626,13.656,90.124,57.19426048565121,16.785801365890396,Non-coppiced,1380,61.14156254244194,45.62949477115306,7.008611978812984,74.62925851703406,11.462925851703405,6.510489510489511,2.9727505355448414,12.169934640522877,19.724137931034484,13.306666666666667,13.907815631262533,-6.940000000000005,-13.907815631262533,Good,104.115462447372,46.60372506554201
13,BESC-144-3,BESC-144,3,15,46.121564,-123.272117,101,4,LF,0.8706369686269185,0.3723195926760011,0.5931674596365336,0.31999999999999995,0.4705882352941175,5.152,2.8499999999999943,41.650000000000006,55.5,0.5780000000000001,11.79,0.215,2.26,0.24,7.3343848580432836,2.08,40.62442011504905,0.409,5.626666666666667,56.266666666666666,1.12885,0.25014,0.10344,0.05502,52.155,0.679,0.09431,27.72,2316.99,11.442,43.033,12.764,2107.65,157.115,229.561,8.272,60.713,76.81148748159058,6.057860092827217,Coppiced,430,73.48176015211192,53.05368297178908,9.578379899324965,72.19979878267011,13.03504417898688,5.538899430740686,9.288208344938335,19.530971209158196,30.559936908513684,13.75713121434393,14.765157038343006,-8.307861693574331,-14.765157038343006,Good,160.06748268368872,58.17547139542919
14,BESC-145-1,BESC-145,1,15,46.121542,-123.268644,12,6,HPCA,0.8716216216216216,0.3867561692267266,0.6306727435627753,0.332,0.4970059880239522,5.302,4.1000000000000085,40.900000000000006,54.999999999999986,0.4360000000000001,9.44,0.4065,5.83,0.24,7.81340273040413,3.88,30.489443054818683,0.25,4.5633333333333335,45.63333333333333,1.58747,0.62776,0.12098,0.10199,89.681,0.84,0.15131,22.72,1870,11.332,37.304,21.064,2317.79,244.554,212.929,7.164,56.238,106.76309523809523,6.2167768431973744,Coppiced,910,59.6625,39.86288669667172,10.21549613738648,66.81397309310157,17.122138927109123,3.9021978140427542,7.34035248237469,7.858103880107908,32.55584471001721,18.253333333333334,16.063887979789303,-7.3304875481105185,-16.063887979789303,Good,76.39763513513513,29.216666666666665
15,BESC-145-2,BESC-145,2,15,46.120803,-123.270744,65,33,HPCA,0.6462039929376613,0.39297674863649407,0.6473833543505674,0.378,0.6077170418006431,5.125,2.8499999999999943,50.90000000000001,46.24999999999999,0.8790000000000002,19.27,0.402,5.7,0.49,10.76,3.79,53.69,0.513,7.91,79.1,0.90582,0.34631,0.13027,0.08056,53.334,0.671,0.13143,38.53,2517.54,11.274,17.152,23.896,2949.2,435.243,422.302,6.73,63.002,79.48435171385991,7.0523213884447955,Non-coppiced,1360,76.67210376205351,52.04203857123455,10.429732446013855,67.87610619469027,13.603034134007586,4.989776951672862,11.216164953798769,14.166226912928758,21.959183673469386,15.419103313840155,18.52085967130214,-14.649999999999991,-18.52085967130214,Good,136.41164097514599,71.19420270593551
16,BESC-145-3,BESC-145,3,15,46.121189,-123.271639,89,19,HPCA,1.1407714246910228,0.32308498206874314,0.47729031489969626,0.30599999999999994,0.440922190201729,5.191,0,39.650000000000006,60.79999999999998,0.6450000000000001,15.05,0.209,2.15,0.29,6.88,1.99,20.43,0.272,3.38,33.8,1.18731,0.32862,0.11805,0.0721,51.532,0.579,0.10682,26.24,2483.78,13.029,127.95,17.211,3323.29,147.439,268.391,5.675,57.657,89.00172711571675,9.330321294039194,Non-coppiced,840,57.837111231834854,34.95894030965639,11.772761102811355,60.443786982248525,20.355029585798817,2.9694767441860463,3.6225976506932938,10.266331658291458,23.724137931034484,12.426470588235293,19.20118343195266,-6.489999999999998,-19.20118343195266,Good,83.74655031916339,26.848048852169935
17,BESC-192-1,BESC-192,1,15,46.120889,-123.269003,21,31,HPCA,0.9151500746978134,0.30889743589743596,0.44696323229325136,0.328,0.48809523809523814,5.618,0,37.150000000000006,63.749999999999986,0.4471368805738129,8.21,0.194,2,0.19,5.967355495657256,1.94,18.9825733752621,0.294,3.2266666666666666,32.266666666666666,1.07927,0.4585,0.11113,0.11996,52.251,0.965,0.13909,32.8,2105.98,11.318,27.854,30.835,1659.73,101.364,191.803,7.119,69.229,54.14611398963731,11.502625553090017,Non-coppiced,920,44.293263615374165,26.057855163491745,8.191538741398718,58.83028938614287,18.493870337780752,3.181069636135583,2.805156659037613,9.784831636733042,31.40713418766977,10.975056689342404,22.67584027607638,-7.316737795747311,-22.67584027607638,Good,72.35756485128344,27.6754001493458
18,BESC-192-2,BESC-192,2,15,46.121594,-123.270758,67,4,HPCA,0.6291253565122913,0.4318697491874654,0.7601597495817365,0.4040000000000001,0.6778523489932888,5.228,4.1000000000000085,42.15000000000001,53.74999999999998,0.8740000000000002,19.16,0.201,2.11,0.41,7.313711533016758,1.93,63.71562047637863,0.53,9.076666666666666,90.76666666666667,0.5835,0.29767,0.07966,0.07653,52.592,0.793,0.10352,38.94,2358.38,9.427,23.727,19.027,1640.17,277.987,128.863,5.461,56.769,66.32030264817149,8.664621372346724,Non-coppiced,850,85.65541728914846,60.12766867140533,6.901862063455837,70.1971580716621,8.057706426386439,8.711803875329661,10.475549105509666,33.01327485822727,17.838320812235995,17.12578616352201,21.745135501951463,-19.737334657271276,-21.745135501951463,Good,145.01015041423335,76.03145606351919
19,BESC-192-3,BESC-192,3,15,46.121469,-123.271817,93,8,HPCA,1.1854203449680838,0.27558875402012656,0.38043135794689653,0.29799999999999993,0.4245014245014244,5.303,4.1000000000000085,48.40000000000001,47.49999999999998,0.5180000000000001,11.85,0.201,2.06,0.25,3.2640092432119023,1.92,19.529165658570676,0.28,2.686666666666667,26.86666666666667,0.71734,0.33266,0.13217,0.0697,49.09,0.686,0.08522,28.03,3407.6,11.444,62.709,14.286,3886.15,134.873,147.902,9.223,48.231,71.5597667638484,8.910886983356168,Non-coppiced,750,47.77243990221378,34.725405437882564,5.803834444600901,72.68920220311665,12.148917778704348,5.983183319466729,3.0150384262361833,10.171440447172227,13.05603697284761,9.595238095238095,15.161880018179003,-4.073491764884093,-15.161880018179003,Good,83.31955215265518,26.083412521258506
20,BESC-2-1,BESC-2,1,15,46.121414,-123.268897,19,12,LSG,0.8052763819095479,0.3461888352860096,0.5294936121769194,0.33399999999999996,0.5015015015015015,5.602,0,40.48036027020265,60.845634225669244,0.670672430250634,14.21,0.214,2.25,0.18,3.75,2.08,21.9,0.23300000000000007,2.6817710080047026,26.817710080047025,0.9053,0.80489,0.09844,0.10703,52.342,1.005,0.13197,20.49,1409.22,10.526,16.273,19.087,1682.21,136.395,207.878,4.405,71.467,52.081592039801,5.768482458368036,Coppiced,1020,32.39350281653922,26.453329145728645,4.529679648241207,81.66245341094238,13.98329681694219,5.84,4.649006090179571,10.528846153846153,20.833333333333336,11.509746815470823,4.354249772115438,-1.1677100800470264,-4.354249772115438,Good,66.69898971046833,28.905938064902564
21,BESC-2-2,BESC-2,2,15,46.121371999999994,-123.270208,52,12,LSG,0.6718389243514872,0.44061855087213414,0.7876888866427453,0.41600000000000004,0.7123287671232877,5.573,0.5737091544026072,47.04415066101272,52.38214018458467,0.7630000000000002,13.81,0.434,6.46,0.4,7.21,4.07,60.53,0.5550000000000002,8.929898836522261,89.29898836522261,0.69846,0.36523,0.08032,0.07925,51.08,0.79,0.1239,31.89,2238.6,8.226,8.535,21.451,1955.62,94.165,305.085,6.597,40.296,64.65822784810126,4.784714265722171,Non-coppiced,1140,89.99180443345068,60.999615136493276,7.265937966861334,67.78352264466787,8.073999640972334,8.395284327323163,18.663389996966615,14.872235872235871,18.025,16.08990781355362,24.142477714359796,-21.558988365222618,-24.142477714359796,Good,151.77131006974025,79.74895182333769
22,BESC-2-3,BESC-2,3,15,46.121147,-123.271692,90,19,LSG,0.9801711258997692,0.3178961296725108,0.4660523763336567,0.324,0.47928994082840243,5.513,2.065190345857175,39.014680268723566,58.92012938541926,0.6030000000000001,13.61,0.21,2.13,0.24,5.47,2.06,20.86,0.2700000000000001,3.238971505766494,32.38971505766494,0.63535,0.423,0.12245,0.08875,49.819,0.919,0.12044,35.45,2569.7,12.707,32.74,31.126,4110.27,230.729,224.009,7.622,70.435,54.21001088139282,5.9520513769977725,Non-coppiced,720,47.62119521346622,30.669554529403776,8.042304088007606,64.40315996254353,16.88807694128059,3.813528336380256,5.441773433414545,10.12621359223301,22.791666666666668,11.996190762098122,18.708763096175876,-6.059715057664938,-18.708763096175876,Good,80.5867561261377,27.574746336563233
23,BESC-265-1,BESC-265,1,15,46.121489,-123.269519,35,9,LSG,0.6420277060980579,0.3645742321392566,0.5737479507113014,0.388,0.6339869281045751,5.385,6.693306693306695,47.9020979020979,45.404595404595405,0.3840000000000001,7.02,0.397,5.58,0.4,7.22,3.57,50.18,0.5080000000000001,7.524718665831221,75.24718665831222,0.672,0.29028,0.09897,0.09777,49.839,1.187,0.11072,31.41,2806.47,11.236,25.289,40.085,2069.76,162.007,144.68,9.532,64.364,41.987363100252736,8.027528780456063,Non-coppiced,1210,72.46616796085287,48.32542543800082,6.953160057041967,66.68687857774792,9.595043111425666,6.950138504155125,9.373642713248204,14.056022408963585,18.049999999999997,14.812438318565393,23.718078310826414,-17.847186658312218,-23.718078310826414,Good,138.60443361344014,69.5934497512345
24,BESC-265-2,BESC-265,2,15,46.121117,-123.270567,61,22,LSG,0.5788401466793427,0.4479632148176932,0.8114734866259973,0.39,0.639344262295082,5.759,4.837509302902504,42.619697345571815,52.54279335152568,0.9220000000000003,19.77,0.383,5.48,0.46,9.85,3.67,52.5,0.4960000000000001,7.651523660706312,76.51523660706312,0.7063,0.39994,0.10644,0.10637,52.05,1.164,0.11034,34.19,2625.35,9.182,20.253,45.281,1547.46,135.526,166.905,5.222,64.897,44.71649484536083,8.583427774080539,Non-coppiced,1170,66.43513617125554,45.58366155099824,8.552363167187288,68.61378508127586,12.873253010486996,5.32994923857868,8.914298415618633,14.305177111716622,21.413043478260867,15.426458993359496,18.51296190823714,-14.165236607063115,-18.51296190823714,Good,120.00554904644228,69.7182872348792
25,BESC-265-3,BESC-265,3,15,46.120758,-123.270978,71,34,LSG,0.6845715061795464,0.308051341890315,0.44519392917369305,0.368,0.5822784810126581,5.572,7.5018568952711036,45.01114137162664,47.487001733102254,0.9410000000000002,22.26,0.39500000000000013,5.68,0.63,14.86,3.67,52.81,0.4770000000000001,7.3285039912285,73.285039912285,0.69317,0.3694,0.11132,0.06852,50.149,0.785,0.09138,34.57,3091.73,11.575,75.51,18.271,3110.47,473.414,220.902,7.345,86.379,63.88407643312102,6.017638737369683,Non-coppiced,1050,75.25327522977167,54.22833186201277,15.25909887274209,72.06109195438576,20.27698970729355,3.5538358008075375,12.178371469390994,14.38964577656676,23.587301587301585,15.36374002353983,7.661918338320686,-5.615039912284999,-7.661918338320686,Good,129.49822973201262,63.03998053035876
26,BESC-319-1,BESC-319,1,15,46.121264,-123.268642,12,17,HSG,1.0758182805921501,0.315333419767492,0.4605649360896321,0.324,0.47928994082840243,5.005,0,41.61073825503357,61.12176414189835,0.561,11.23,0.257,2.86,0.31,6.22,2.47,27.51,0.3400000000000001,4.482524880505824,44.825248805058244,0.54645,0.41591,0.09839,0.08706,50.889,0.854,0.10333,31.78,2850.39,11.883,76.313,35.091,3968.24,291.065,140.612,10.422,48.867,59.58899297423888,5.591287368481118,Coppiced,1020,72.33573314485965,44.39364134863508,10.03738455792476,61.37166158215651,13.876108143984494,4.42282958199357,8.016981752314242,11.137651821862349,20.064516129032256,13.183896707370069,24.752230273858984,-11.09524880505824,-24.752230273858984,Good,94.37192084009257,33.72270020907913
27,BESC-319-2,BESC-319,2,15,46.121092,-123.270156,50,22,HSG,0.6798519625152791,0.3772587316891114,0.6058033261748988,0.406,0.6835016835016836,5.608,6.786427145708586,44.11177644710579,49.101796407185624,0.987825619767093,21.34,0.407,5.72,0.54,11.57,3.79,53.28,0.5190000000000001,7.8180791477649425,78.18079147764942,0.5071,0.41297,0.10251,0.08883,52.055,0.853,0.1004,34.77,2343.77,9.31,29.421,34.48,1841.48,168.802,215.116,5.214,64.631,61.025791324736225,8.993872811055247,Non-coppiced,1150,79.72704677561666,54.333768844221105,11.79883080945267,68.14973216948292,14.79903155407127,4.605012964563526,8.692672569435247,14.058047493403695,21.425925925925924,15.063736315539385,17.05123627644583,-13.330791477649427,-17.05123627644583,Good,138.59096942942625,62.87692332725574
28,BESC-319-3,BESC-319,3,15,46.121122,-123.27145,84,20,HSG,0.9502920005432569,0.3080156257726351,0.4451193368586537,0.32599999999999996,0.48367952522255186,5.333,0,38.73961895456767,64.72887151929652,0.6340000000000001,15.34,0.219,2.32,0.35,8.5,2.1,22.26,0.29900000000000004,4.156360858423374,41.56360858423375,0.52533,0.47386,0.12793,0.10031,51.371,0.983,0.11591,28.95,3037.09,11.679,86.747,23.364,3537.9,139.059,163.344,8.258,57.145,52.25940996948118,11.988874494686211,Non-coppiced,1020,59.246347126962554,31.730249898139352,12.116223006926527,53.55646624110461,20.450582347232213,2.618823529411765,3.4668482519068697,10.6,24.28571428571429,13.900872436198574,25.992951411663185,-10.803608584233746,-25.992951411663185,Good,88.75185948605531,31.973380372381456
29,BESC-35-1,BESC-35,1,15,46.121111,-123.268669,12,22,HSG,1.007673502648377,0.32030963722975453,0.47125817103578416,0.22199999999999998,0.2853470437017994,5.336,0,44.650000000000006,62,0.4340000000000001,10.61,0.21,2.62,0.24,5.89,2.02,25.25,0.2690000000000001,3.7622423717028086,37.622423717028084,0.77616,0.3106,0.1634,0.10313,46.387,0.969,0.11088,27.99,6626.76,14.927,98.307,38.961,5228.64,131.543,201.234,11.19,52.109,47.871001031991746,6.375579976230611,Coppiced,990,56.86667922758859,38.16563391280728,8.90279539589841,67.11423003981461,15.655557027109229,4.286926994906621,5.901019806400629,12.5,24.541666666666668,13.986031121571775,17.230212933076157,-6.482423717028084,-17.230212933076157,Good,93.2867984045545,39.454069813117066
30,BESC-35-2,BESC-35,2,15,46.121308,-123.269583,36,14,HSG,0.875526280048893,0.35421988479839733,0.5485146978980845,0.39,0.639344262295082,5.335,0.3500000000000085,42.15000000000001,57.49999999999998,0.8360000000000002,19.8,0.351,4.71,0.7,16.62,3.35,45.01,0.4790000000000001,7.497640785053395,74.97640785053395,0.81812,0.60565,0.0993,0.11379,51.995,0.687,0.10822,25.11,2911.85,9.702,32.017,20.017,2331.5,493.506,341.044,10.339,56.918,75.68413391557496,5.822134617410372,Non-coppiced,1380,98.46572318520991,59.11115679750101,21.826870161618903,60.03221718720879,22.16697288716752,2.708182912154031,12.877821070355585,13.435820895522387,23.742857142857147,15.652694749589548,17.800809925623696,-13.34640785053395,-17.800809925623696,Good,162.928544046272,64.98827126122639
31,BESC-35-3,BESC-35,3,15,46.120867,-123.272158,101,30,HSG,0.9527706098057857,0.339056905973243,0.5129895584619225,0.3540000000000001,0.5479876160990714,5.148,18.35000000000001,29.65000000000001,51.999999999999986,0.8360000000000002,20.58,0.346,4.66,0.45,11.15,3.25,43.8,0.45800000000000013,7.064663975400429,70.6466397540043,1.022,0.59725,0.11865,0.09334,49.533,0.751,0.11451,29.75,3240.2,12.168,15.394,17.543,2262.04,300.403,424.382,6.815,46.126,65.9560585885486,3.3248689739301645,Coppiced,670,100.96506305872849,62.59702906424012,15.935088449001764,61.998702489621785,15.782774720531576,3.928251121076233,21.24794700420822,13.476923076923075,24.77777777777778,15.425030513974733,22.218522789846638,-15.696639754004302,-22.218522789846638,Good,161.71475747676462,64.3263985360328
32,BESC-351-1,BESC-351,1,15,46.121478,-123.269219,27,10,HSG,0.8892435148716555,0.35339157245632075,0.546531033934674,0.35799999999999993,0.5576323987538939,5.619,0,42.87496880459196,57.84876466184177,0.6400000000000001,11.86,0.315,4.06,0.4,7.48,3.02,38.86,0.4080000000000001,5.669479908361677,56.69479908361677,0.60477,0.3806,0.08661,0.11079,50.783,0.884,0.09652,28.47,2856.43,8.925,31.636,32.135,2091.05,65.895,200.508,5.572,52.205,57.44683257918552,6.557535154845345,Non-coppiced,1010,75.62322361808654,51.834004481868796,9.977312236859976,68.54244238997482,13.193450053448577,5.1951871657754,8.645748401626964,12.867549668874172,18.7,13.895784089121756,18.264107556576594,-10.354799083616768,-18.264107556576594,Good,108.85141185657629,41.19942146657265
33,BESC-351-2,BESC-351,2,15,46.120914,-123.270319,54,28,HSG,0.7734619041151706,0.34802540900101875,0.5338021048761432,0.36,0.5624999999999999,5.579,1.3039117352056167,47.291875626880646,51.40421263791374,0.8385351405896309,17.95,0.337,4.21,0.34,7.21,3.25,40.72,0.4070000000000001,5.63634724480018,56.3634724480018,0.54336,0.27304,0.08913,0.09487,50.243,0.939,0.09446,33.32,3245.34,8.838,75.371,56.298,2821.77,205.479,165.899,6.901,48.775,53.50692225772099,4.175968585964567,Non-coppiced,1210,65.39249808326164,47.24305310335462,8.36499049300557,72.24537139291107,12.791972685237935,5.647711511789182,13.497101639471012,12.529230769230768,21.205882352941174,13.848519028993069,14.962655921851006,-8.433472448001801,-14.962655921851006,Good,119.30542759568866,50.53331396939945
34,BESC-351-3,BESC-351,3,15,46.120925,-123.271481,84,27,HSG,1.004210240391145,0.3260843899789852,0.4838653165621388,0.344,0.5243902439024389,5.562,5.865030674846622,43.82822085889571,50.306748466257666,0.550391469168462,10.03,0.255,2.74,0.22,4.02,2.48,26.64,0.3350000000000001,4.103799033395677,41.03799033395677,0.64538,0.49897,0.12024,0.09391,48.827,0.989,0.10464,31.86,2712.15,10.863,41.651,18.235,2432.93,109.04,212.141,7.929,56.638,49.370070778564205,6.216926044674814,Non-coppiced,1110,61.81615520764832,40.128241206030154,6.055387749558604,64.91545951254052,9.79580132283832,6.6268656716417915,6.601009894449103,10.741935483870968,18.27272727272727,12.250146368345302,25.288739164621155,-10.37799033395677,-25.288739164621155,Good,111.76902609832979,41.03799033395677
35,BESC-36-1,BESC-36,1,15,46.120917,-123.268703,13,30,LPCA,0.9005840010865137,0.3627714779934653,0.569295732167094,0.288,0.4044943820224719,5.348,0,30.900000000000006,71.25,0.4968345924127962,8.96,0.23,2.54,0.19,3.48,2.14,23.64,0.258,3.15,31.5,0.68878,0.63289,0.08996,0.12333,54.451,0.912,0.13921,34.52,1442.07,12.004,13.223,21.823,1215.24,205.314,195.649,4.703,69.333,59.70504385964912,1.7535654320681315,Coppiced,870,42.55259405133777,31.934708678527777,4.701048485671602,75.04761904761905,11.047619047619047,6.793103448275862,17.963401549749598,11.046728971962617,18.31578947368421,12.209302325581394,13.9047619047619,-4.379999999999999,-13.9047619047619,Good,81.08415727285075,31.06580549484858
36,BESC-36-2,BESC-36,2,15,46.121453,-123.269806,42,9,LPCA,0.7119041151704469,0.4075779837251356,0.6879858825773835,0.398,0.6611295681063124,5.35,11.599999999999994,42.15000000000001,46.24999999999999,0.3335875310224452,6.4,0.414,5.95,0.37,7.11,3.7,53.12,0.484,7.21,72.1,0.68751,0.32677,0.08925,0.10746,55.138,1.033,0.11933,31.7,2447.6,9.614,20.717,38.17,1445.56,239.619,133.533,7.238,66.373,53.37657308809293,3.2364822790102314,Non-coppiced,1000,76.99243005568383,56.72451989678122,7.592457388292817,73.67545076282941,9.86130374479889,7.471167369901546,22.277273219629475,14.356756756756756,19.216216216216218,14.896694214876034,16.463245492371705,-11.869999999999997,-16.463245492371705,Good,146.49943637104442,69.63800900595554
37,BESC-36-3,BESC-36,3,15,46.121169,-123.272242,103,19,LPCA,0.876341165285889,0.30872860701181126,0.4466098411468422,0.31800000000000006,0.46627565982404706,5.358,0,45.150000000000006,56.499999999999986,0.7040000000000001,14.27,0.321,3.88,0.27,5.57,2.87,34.66,0.354,4.52,45.199999999999996,0.76524,0.44326,0.13403,0.09455,52.311,1.023,0.11979,30.92,3779.43,12.157,49.959,26.287,3151.21,167.24,180.635,7.789,72.731,51.13489736070382,1.815276204140302,Coppiced,410,59.415931006383275,45.56097718321337,7.321830435963603,76.68141592920354,12.323008849557523,6.222621184919209,24.899792051979382,12.076655052264806,20.62962962962963,12.768361581920903,10.995575221238935,-4.969999999999999,-10.995575221238935,Good,83.93248166508218,37.59178585277949
38,BESC-388-1,BESC-388,1,15,46.120803,-123.269183,25,34,LPCA,0.8226606002987913,0.3580871638627633,0.5578439060629824,0.29000000000000004,0.4084507042253522,5.234,0,30.900000000000006,70.75,0.4750000000000001,10.47,0.218,2.31,0.24,5.4,2.28,24.11,0.229,2.35,23.5,0.59143,0.36167,0.12414,0.12531,51.754,0.989,0.1164,25.61,3436.82,13.709,74.007,22.013,4917.81,282.552,186.344,6.76,67.156,52.32962588473205,2.797299523364383,Non-coppiced,760,28.998786160532394,29.751520609805784,6.663550862420209,102.59574468085107,22.978723404255323,4.464814814814814,8.400959498157691,10.574561403508772,22.500000000000004,10.262008733624453,25.57446808510637,6.009999999999998,25.57446808510637,Good,54.65048214043189,23.01977946539666
39,BESC-388-2,BESC-388,2,15,46.121594,-123.270133,50,4,LPCA,0.7586921091946217,0.4184775536759922,0.7196240769747148,0.41600000000000004,0.7123287671232877,5.176,0,42.15000000000001,57.99999999999999,0.3130747538658739,5.69,0.438,6.61,0.4,7.26,3.92,59.11,0.543,8.62,86.19999999999999,0.60275,0.35689,0.13057,0.11988,51.579,1.079,0.12113,42.21,4646.16,10.669,29.308,34.548,2631.72,98.284,423.007,9.157,55.968,47.802594995366086,5.567311085529374,Non-coppiced,1020,98.09888971886458,67.26943586174113,8.26215706912943,68.57308584686776,8.422273781902554,8.141873278236915,15.483237540659822,15.079081632653061,18.15,15.87476979742173,23.004640371229684,-19.829999999999984,-23.004640371229684,Good,152.4979492054869,79.9019693654267
40,BESC-388-3,BESC-388,3,15,46.121583,-123.271586,88,3,LPCA,0.9994227896237948,0.3119287500876598,0.4533378630881603,0.33399999999999996,0.5015015015015015,4.977,0,28.40000000000001,73.75,0.5596227670657539,10.43,0.228,2.46,0.18,3.43,2.24,24.18,0.285,3.4,34,0.72015,0.11766,0.08612,0.07906,51.495,0.983,0.10846,41.49,2667.24,10.475,17.157,25.571,1715.43,89.345,147.287,8.194,62.991,52.38555442522889,1.666295038495113,Non-coppiced,660,50.97056227081354,36.24906457965504,5.142030252614425,71.11764705882354,10.088235294117649,7.049562682215743,20.404549743307488,10.794642857142856,19.055555555555557,11.92982456140351,18.794117647058826,-6.390000000000001,-18.794117647058826,Good,84.747606274616345,30.81578947368421
41,BESC-833-1,BESC-833,1,15,46.121203,-123.26865599999999,12,19,HF,0.6940785006111639,0.4925528745904081,0.9706486645142354,0.324,0.47928994082840243,5.654,4.1000000000000085,40.900000000000006,54.999999999999986,0.5810000000000001,11.75,0.24300000000000005,2.63,0.24,4.81,2.37,25.6,0.30500000000000005,3.781576332181844,37.81576332181844,0.65167,0.36634,0.09019,0.07921,51.097,0.723,0.0916,30.3,2768.07,10.682,51.817,31.822,2744.8,317.967,237.47,6.838,61.074,70.67358229598894,5.483289489268364,Coppiced,930,39.37066245881159,26.652614423468698,5.007776381909547,67.6966369345496,12.719563424030609,5.3222453222453225,6.896546935161762,10.80168776371308,20.041666666666664,12.398610925186372,19.583799641419795,-7.405763321818437,-19.583799641419795,Good,58.437999142228676,23.919337790798675
42,BESC-833-2,BESC-833,2,15,46.121244,-123.269833,42,16,HF,0.8356308569876411,0.4558098396904367,0.8375929462435495,0.35,0.5384615384615384,5.386,0.6458022851465444,37.704918032786885,61.64927968206657,0.44039430550631353,8.7,0.32700000000000007,4.31,0.29,5.69,3.02,39.78,0.4120000000000001,5.937590368471132,59.37590368471132,0.66673,0.3747,0.08438,0.092,55.389,0.641,0.08633,33.38,1052.21,7.996,15.842,21.093,799.276,137.561,224.122,3.344,44.741,86.41029641185648,10.113875436415775,Non-coppiced,1170,74.42450592070644,49.862093236452544,7.132109364389517,66.99687504755055,9.583012041743654,6.991212653778558,5.870737093609427,13.172185430463577,19.620689655172416,14.411627107939637,23.420112910705804,-13.905903684711319,-23.420112910705804,Good,163.49382549153353,53.618619769240524
43,BESC-833-3,BESC-833,3,15,46.121531,-123.27116399999998,77,6,HF,0.7840893657476573,0.3647217408049297,0.5741133676871778,0.36999999999999994,0.5873015873015871,5.562,0.6211180124223574,50.13664596273292,49.24223602484472,0.9470000000000002,20.62,0.3380000000000001,4.56,0.39,8.48,3.25,43.88,0.3840000000000001,5.454633040556734,54.546330405567346,0.66812,0.40912,0.10204,0.08115,52.375,0.821,0.09805,26.59,2326.33,9.391,49.865,32.44,1859.15,173.151,295.953,6.418,60.118,63.794153471376376,9.936558237479758,Non-coppiced,1060,64.15379641734518,51.6087620535108,9.973616732310202,80.44537492025555,15.546417031079468,5.1745283018867925,5.489459136849191,13.501538461538463,21.743589743589745,14.204773543116492,4.008208048664986,-2.1863304055673467,-4.008208048664986,Good,111.24212827935796,50.51813553649196
44,BESC-841-1,BESC-841,1,15,46.12105,-123.269514,34,24,HSG,0.9239779980986014,0.3201339096110124,0.47087788924411095,0.308,0.44508670520231214,6.327,0,44.39473030077058,62.14267959234402,0.5270000000000001,8.88,0.243,2.42,0.24,3.98,2.35,23.4,0.31000000000000005,3.530876772610698,35.30876772610698,0.92094,0.32787,0.10165,0.07982,51.249,0.898,0.10028,34.09,2847.05,11.004,41.924,21.337,2641.96,157.841,167.609,9.611,66.099,57.07015590200446,6.017638737369683,Non-coppiced,1000,48.93678677834525,32.43162773326091,5.516148648648651,66.27249124499536,11.27198782714024,5.879396984924623,5.867545272672929,9.957446808510637,16.583333333333332,11.389925072937734,22.455520927864388,-7.9287677261069796,-22.455520927864388,Good,74.7590738895771,32.20212570762234
45,BESC-841-2,BESC-841,2,15,46.121031,-123.269894,43,26,HSG,0.9077142469102267,0.3371023333085374,0.5085284656242989,0.32200000000000006,0.4749262536873158,5.539,0,46.70629024269441,55.720653789004444,0.7151953527695202,14.05,0.296,3.59,0.27,5.25,2.76,33.45,0.37400000000000005,4.977167449587631,49.77167449587631,0.91444,0.57309,0.07973,0.08732,53.924,0.747,0.10899,40.66,2031.59,10.391,16.092,28.128,1678.02,386.191,138.324,7.787,62.542,72.18741633199464,4.842464762926866,Non-coppiced,1110,67.76768704872795,45.54456233872063,7.148249694418036,67.20690099098717,10.54816831697108,6.371428571428572,10.278169678573661,12.119565217391306,19.444444444444443,13.307934357186177,22.244930692041756,-11.071674495876309,-22.244930692041756,Good,99.01770063014857,46.98582691219386
46,BESC-841-3,BESC-841,3,15,46.120883,-123.271428,83,30,HSG,0.9094119244873016,0.3549599017412036,0.5502912186379927,0.34800000000000003,0.5337423312883437,5.793,0,44.6165375968024,58.705970522108416,0.42705168134835136,7.98,0.301,3.71,0.23,4.36,2.9,35.79,0.3840000000000001,5.233921791942448,52.339217919424485,0.74727,0.38181,0.10491,0.09091,49.98,0.953,0.11358,33.03,3030.15,12.351,83.886,30.816,2905.1,275.571,277.73,10.614,70.187,52.444910807974814,6.150075298498578,Non-coppiced,1090,71.39686334139611,48.82177916610079,5.947553986146953,68.38084599410374,8.330273499142002,8.208715596330274,8.510337740450446,12.341379310344827,18.956521739130434,13.630004666516788,23.28888050675427,-12.189217919424486,-23.28888050675427,Good,120.51971408158354,43.92160685921387
47,BESC-876-1,BESC-876,1,15,46.121289,-123.268636,12,16,HF,0.9748064647562137,0.36279296874999994,0.5693486590038312,0.33000000000000007,0.49253731343283597,5.357,4.900000000000006,35.90000000000001,59.19999999999998,0.6190000000000001,12.32,0.28,3.24,0.39,7.72,2.6,30.13,0.322,3.94,39.4,0.8831,0.36655,0.14429,0.11197,46.332,0.895,0.11595,25.67,5301.36,16.346,93.373,25.612,7784,457.078,199.358,9.891,56.237,51.76759776536313,8.004304786367113,Coppiced,1010,57.61106206709223,44.05637817465708,11.288258861876955,76.47208121827411,19.593908629441625,3.9028497409326426,4.92235129115846,11.588461538461537,19.794871794871792,12.236024844720497,3.934010152284257,-1.5499999999999972,-3.934010152284257,Good,81.10929648241208,30.756754668881207
48,BESC-876-2,BESC-876,2,15,46.120897,-123.270272,53,30,HF,0.8962719000407444,0.3731417715507005,0.595257036784483,0.2960000000000001,0.42045454545454564,5.301,2.8499999999999943,42.95,54.2,0.7680000000000002,15.88,0.355,4.45,0.29,5.811894199953143,3.09,37.44601539904633,0.199,5.923333333333334,59.233333333333334,0.82189,0.47475,0.15064,0.10326,50.214,0.739,0.10778,31.78,4881.96,13.77,66.267,22.158,3890.71,490.522,260.954,9.882,78.03,67.94857916102842,12.68947140102948,Non-coppiced,1300,79.63375831862015,50.342717055987336,7.813556186141677,63.21780877723072,9.81186415298786,6.442996742670958,4.6679118035230225,12.118451585451888,20.041014482597046,29.765494137353436,26.970327069781412,-15.975423734333859,-26.970327069781412,Good,126.05527468423199,52.00347312686473
49,BESC-897-1,BESC-897,1,15,46.121281,-123.26931100000002,29,17,LSG,0.936269183756621,0.3086199979941831,0.44638259292837706,0.358,0.5576323987538941,5.405,1.2730204373518035,42.02501260867928,56.70196695396891,0.7350000000000001,14.91,0.31400000000000006,4.17,0.38,7.74,2.99,39.76,0.4180000000000001,6.230058681153711,62.30058681153711,0.75669,0.42629,0.07958,0.08823,52.759,0.814,0.09898,37.55,1626.68,10.269,28.382,30.236,1397.03,139.657,162.385,5.724,55.853,64.81449631449632,10.474020933193477,Non-coppiced,980,87.49517934239454,55.839094119244876,10.870085223414371,63.81962359403822,12.423638999443053,5.136950904392765,5.9481060052208585,13.297658862876252,20.36842105263158,14.904446605630884,23.756737406518727,-14.800586811537109,-23.756737406518727,Good,115.39854074399715,45.94476197031665
50,BESC-897-2,BESC-897,2,15,46.121292,-123.269731,40,15,LSG,0.8422517995382317,0.3309959815529006,0.494759332419576,0.32999999999999996,0.4925373134328358,5.51,0,46.723361680840426,53.32666333166584,0.30900000000000005,5.68,0.31000000000000005,3.88,0.26,4.69,2.86,35.79,0.37300000000000005,5.14733513410211,51.4733513410211,0.77496,0.34399,0.08264,0.06727,53.812,0.71,0.08911,38.52,1407.88,8.863,14.011,24.794,1092.61,192.837,160.73,3.539,46.112,75.79154929577464,8.993872811055247,Non-coppiced,1270,65.030284192858,45.216287858209974,5.925241409751461,69.53112448980482,9.111510864967439,7.631130063965884,5.723157578762975,12.513986013986015,18.03846153846154,13.799826096788497,21.357364645227747,-10.993351341021103,-21.357364645227747,Good,94.94594357082894,40.71797906179821
51,BESC-897-3,BESC-897,3,15,46.121269,-123.271286,80,15,LSG,0.7096631807687084,0.413338198557274,0.7045595904502177,0.34199999999999997,0.5197568389057751,5.57,1.8453865336658453,45.785536159601,52.36907730673315,0.6315000000000002,14.245000000000001,0.25500000000000006,2.75,0.28,6.38,2.42,26.1,0.31500000000000006,3.904673928613922,39.04673928613922,0.97905,0.25177,0.10008,0.06462,51.596,0.688,0.09051,30.65,2314.26,10.673,39.005,25.092,2259.23,489.983,209.297,7.795,62.395,74.99418604651163,4.175968585964567,Non-coppiced,660,41.565049800672064,27.783313527094936,6.79147663995654,66.84296941861406,16.339392524550103,4.090909090909091,9.350343155687362,10.78512396694215,22.785714285714285,12.395790249568003,16.817638056835833,-6.566739286139217,-16.817638056835833,Good,61.325889472001684,34.39341324820325
52,GW-11026-1,GW-11026,1,15,46.120983,-123.269047,22,26,LF,0.9581352709493414,0.3022352999357104,0.4331478790885574,0.33999999999999986,0.5151515151515148,5.357,0.3500000000000085,38.400000000000006,61.249999999999986,0.3930000000000001,7.62,0.226,2.44,0.24,4.59,2.18,23.53,0.292,3.65,36.5,0.83284,0.5453,0.14972,0.09841,49.329,0.71,0.10527,26.36,4182.4,14.783,115.29,18.331,4689.58,192.586,233.207,10.252,80.416,69.4774647887324,3.4227057921725605,Non-coppiced,1000,52.45790608447644,33.81738438815701,6.596761340486215,64.46575342465754,12.575342465753426,5.126361655773421,10.664077550420028,10.793577981651376,19.125,12.5,22.95890410958904,-8.379999999999999,-22.95890410958904,Good,87.20975655303545,29.581150882769585
53,GW-11026-2,GW-11026,2,15,46.121486,-123.270003,47,9,LF,0.7633097922042646,0.4064265723187411,0.6847115341844224,0.40800000000000003,0.6891891891891893,5.273,8.299999999999997,43.400000000000006,48.3,0.26088831919709815,4.76,0.365,5.03,0.21,3.82,3.34,46.02,0.434,6.4,64,0.8261,0.343,0.11502,0.08169,49.66,0.853,0.11849,28.32,3447.24,11.75,32.145,23.266,4111.02,265.497,121.401,8.354,59.249,58.21805392731535,3.01221509712473,Non-coppiced,940,73.27774005160941,52.6912749558604,4.373765109330437,71.90625,5.96875,12.047120418848168,21.24682266584825,13.778443113772457,18.19047619047619,14.746543778801843,22.124999999999993,-14.159999999999997,-22.124999999999993,Good,133.5347854135543,61.64270936192222
54,GW-11026-3,GW-11026,3,15,46.1212,-123.271222,78,17,LF,0.7673842183892435,0.39311511506135716,0.6477589487190833,0.3860000000000001,0.6286644951140068,5.566,12.349999999999994,43.400000000000006,44.25,0.7660000000000002,16.56,0.303,3.81,0.31,6.77,3.05,38.19,0.361,4.83,48.3,0.89351,0.45625,0.16089,0.10044,50.953,0.904,0.13154,38.94,4388.33,16.381,98.554,17.961,4564.96,221.582,214.389,9.824,83.04,56.36393805309735,2.028800498342162,Non-coppiced,580,55.5969866223007,43.95960495042781,7.792786737742768,79.06832298136646,14.016563146997928,5.641063515509601,23.80717080830196,12.521311475409837,21.838709677419352,13.379501385041552,6.915113871635619,-3.3400000000000034,-6.915113871635619,Good,86.77068620127666,37.493694982394366
55,GW-9768-1,GW-9768,1,15,46.121425,-123.269425,32,10,LF,0.34649599348091814,0.3896323596048696,0.6383568423657509,0.34400000000000003,0.5243902439024392,5.908,10.350000000000009,41.699999999999996,47.949999999999996,0.1537526386123762,2.12,0.352,4.6,0.23,3.23,2.97,38.83,0.386,5.31,53.099999999999994,1.28066,1.15373,0.11712,0.098,51.427,0.714,0.15877,22.81,1789.09,14.502,14.053,11.248,1371.57,219.069,335.396,5.807,107.912,72.0266106442577,5.886883596328561,Non-coppiced,1370,27.598405880755127,20.181659140296073,1.6787730884150485,73.1261770244821,6.0828625235404905,12.021671826625386,9.02005265283597,13.074074074074073,14.043478260869565,13.756476683937823,20.7909604519774,-11.04,-20.7909604519774,Good,61.48405371451854,39.433556542758204
56,GW-9768-2,GW-9768,2,15,46.121617,-123.269886,44,3,LF,0.8332880619312781,0.35733738347124744,0.5560264037160785,0.3040000000000001,0.4367816091954025,5.261,8.350000000000009,42.15000000000001,49.49999999999998,0.36900000000000005,7.04,0.202,2,0.14,2.66,1.9,18.77,0.224,2.42,24.2,0.90326,0.35936,0.11377,0.10705,54.236,0.864,0.13338,34.57,1928.53,11.215,18.464,17.797,1700.74,321.619,214.914,6.867,75.427,62.773148148148145,4.727368187944329,Non-coppiced,1160,30.248356648105393,23.461225383675135,3.3248193671058006,77.56198347107438,10.991735537190085,7.056390977443608,5.119127395601323,9.878947368421052,19,10.803571428571429,11.446280991735536,-2.7699999999999996,-11.446280991735536,Good,93.69008046991715,41.541302531445474
57,GW-9768-3,GW-9768,3,15,46.121264,-123.271436,84,15,LF,0.5375186744533478,0.4210430076067877,0.7272440149074603,0.34199999999999997,0.5197568389057751,5.743,9.490796079368863,40.30600047812576,50.20320344250538,0.8463302151798618,22.43,0.223,2.36,0.32,8.51,2.14,22.62,0.298,4.05,40.5,1.06462,0.51352,0.15552,0.09637,50.73,0.541,0.08125,30.88,4119.83,15.206,82.151,11.969,4093.63,198.69,273.113,6.357,68.715,93.77079482439925,8.184139886840102,Non-coppiced,840,32.654259473040874,18.238008624202088,6.861425879396984,55.851851851851855,21.012345679012345,2.6580493537015277,4.948595766932456,10.570093457943925,26.59375,13.590604026845638,23.135802469135797,-9.369999999999997,-23.135802469135797,Good,67.67737505093032,28.389401157946462
58,GW-9776-1,GW-9776,1,15,46.121,-123.269258,27,27,HF,1.0851894608176016,0.3068531771849924,0.4426957854885642,0.26400000000000007,0.35869565217391314,5.066,2.8499999999999943,37.150000000000006,60,0.26100000000000007,4.65,0.182,1.82,0.13,2.24,1.76,17.59,0.222,2.29,22.9,0.99256,0.47346,0.14958,0.09891,48.771,0.81,0.1138,31.41,3859.18,27.434,59.249,27.297,6618,703.303,255.57,10.76,75.29,60.21111111111111,7.643710747994928,Non-coppiced,1160,37.27625797908461,28.632723923672422,3.6462365883471413,76.81222707423582,9.78165938864629,7.85267857142857,2.9959270771734854,9.994318181818182,17.230769230769234,10.315315315315315,13.406113537117905,-3.0700000000000003,-13.406113537117905,Good,65.25090146679344,22.41509701348916
59,GW-9776-2,GW-9776,2,15,46.121453,-123.270133,50,9,HF,0.6702091538774957,0.41156655239230877,0.6994275292568011,0.384,0.6233766233766234,4.885,15.649999999999991,37.150000000000006,47.2,0.5300000000000001,10.96,0.446,6.54,0.51,10.53,3.93,57.57,0.559,8.71,87.10000000000001,1.21446,0.47371,0.14589,0.09193,51.004,0.725,0.11263,28.92,5001.93,13.426,73.974,15.324,3389.78,215.853,264.398,9.633,82.187,70.35034482758621,9.761070794324157,Non-coppiced,1270,87.56282595409482,57.87591148309114,10.585953585495044,66.09644087256027,12.089552238805968,5.467236467236468,8.923201340845381,14.648854961832061,20.64705882352941,15.581395348837209,21.81400688863377,-19.000000000000014,-21.81400688863377,Good,189.63411313323377,83.64941139468009
60,GW-9776-3,GW-9776,3,15,46.120906,-123.271625,88,28,HF,0.8272103762053511,0.34072089624939117,0.5168082748429997,0.324,0.47928994082840243,5.264,0,49.650000000000006,52.5,0.5124905228134289,9.8,0.262,3.15,0.23,4.47,2.43,29.2,0.308,3.86,38.6,1.06799,0.35706,0.19554,0.10036,45.498,0.685,0.09965,28.68,7791.87,16.934,193.432,22.19,7448,808.822,495.271,16.179,76.802,66.42043795620437,8.184139886840102,Non-coppiced,1180,47.89548078228983,36.23181447779437,5.546445572456879,75.64766839378237,11.580310880829014,6.532438478747204,4.716439422310934,12.016460905349794,19.43478260869565,12.532467532467532,12.7720207253886,-4.93,-12.7720207253886,Good,81.27733600434607,36.28011457930752
61,GW-9854-1,GW-9854,1,15,46.120794,-123.269569,35,34,LSG,0.981257639549097,0.34315196145279336,0.5224221453287198,0.3200000000000001,0.47058823529411786,5.621,0,40.38941587618572,60.35946080878682,0.36400000000000005,5.890000000000001,0.204,2.05,0.17,2.81,1.92,19.27,0.25300000000000006,2.6560531413292283,26.56053141329228,0.8574,0.42019,0.10733,0.06145,50.216,0.599,0.09435,15.56,2758.4,11.212,122.632,13.173,3467.36,189.082,304.326,7.8,53.706,83.8330550918197,2.2074917157199727,Non-coppiced,850,39.09408653966524,28.36325207116665,4.136000950699444,72.55125923555988,10.579607599996018,6.857651245551601,12.031995963631317,10.036458333333334,16.52941176470588,10.498233760194577,16.869133164444104,-4.480531413292283,-16.869133164444104,Good,71.01662490717848,24.621036088641926
62,GW-9854-2,GW-9854,2,15,46.120978,-123.270358,55,27,LSG,0.7300692652451446,0.37961279898439076,0.6118965677611385,0.392,0.6447368421052632,5.467,4.123969007748059,46.6883279180205,49.18770307423144,0.8820000000000002,19.21,0.34,4.44,0.38,8.3,3.27,42.66,0.4410000000000001,6.371459347375241,63.714593473752416,0.84647,0.22328,0.08409,0.09374,53.561,0.804,0.12446,35.76,1990.38,11.43,44.984,31.393,2583.53,1257.74,350.828,9.898,72.697,66.6181592039801,1.7933021757641454,Non-coppiced,1190,69.77409966416326,46.717132283036804,9.08936235230205,66.95483353836987,13.026842905965072,5.139759036144578,35.52920100964186,13.045871559633026,21.842105263157897,14.447753622166076,20.018323555665074,-12.754593473752422,-20.018323555665074,Good,126.69233102366346,57.46671492301671
63,GW-9854-3,GW-9854,3,15,46.121075,-123.271742,91,23,LSG,0.9426524514464213,0.36386132942281696,0.5719842956452833,0.308,0.44508670520231214,5.619,0,40.38,60.75,0.6070000000000001,12.91,0.239,2.54,0.28,5.89,2.27,24.22,0.30500000000000005,3.579402075782615,35.794020757826146,0.90702,0.44016,0.10154,0.07144,53.648,1.079,0.14195,42.78,1790.07,12.522,29.666,31.684,1605.02,245.192,200.853,8.105,72.473,49.720111214087126,2.2074917157199727,Non-coppiced,790,50.61198212173336,34.24656356104848,8.328334408529132,67.66493254241198,16.455262290454435,4.112054329371817,16.2147927908087,10.669603524229075,21.03571428571428,11.73574451076267,15.879805167133593,-5.684020757826147,-15.879805167133593,Good,90.09775558363748,33.00077226988634
64,SLMC-28-2-1,SLMC-28-2,1,15,46.121519,-123.269211,27,8,HPCA,0.7021933994295804,0.41438482231346446,0.7076060151830181,0.382,0.6181229773462784,5.675,4.1000000000000085,38.400000000000006,57.499999999999986,0.8290000000000002,15.36,0.384,5.15,0.47,8.64,3.59,48.09,0.499,7.33,73.3,0.65924,0.50312,0.08107,0.10175,52.25,0.744,0.09707,29.33,1431.92,8.776,27.791,13.235,1669.7,151.261,166.454,4.583,57.701,70.22849462365592,2.9684875344353725,Non-coppiced,1280,77.20616426728236,50.65272086785278,9.100426456607362,65.60709413369715,11.787175989085949,5.565972222222222,24.692709384727863,13.395543175487466,18.382978723404257,14.68937875751503,22.60572987721691,-16.569999999999993,-22.60572987721691,Good,105.77824595952738,52.48725296942128
65,SLMC-28-2-2,SLMC-28-2,2,15,46.121014,-123.270239,52,25,HPCA,0.7453144098872743,0.36183388086170315,0.5669901143455881,0.3420000000000001,0.5197568389057753,5.587,0.7999999999999972,44.650000000000006,54.55,0.6690000000000002,13.49,0.304,3.71,0.26,5.18,2.89,35.26,0.389,5.29,52.9,0.80382,0.49548,0.12681,0.12728,51.977,0.825,0.12547,35.02,3647.47,14.251,60.021,22.328,3046.01,538.595,190.542,10.701,102.963,63.00242424242424,2.7554284334510974,Non-coppiced,1120,59.14069842455521,39.41967913893793,5.79109296482412,66.65406427221173,9.792060491493384,6.806949806949807,19.198466328426544,12.20069204152249,19.92307692307692,13.598971722365038,23.5538752362949,-12.46,-23.5538752362949,Good,103.23772409344018,44.57086347545021
66,SLMC-28-2-3,SLMC-28-2,3,15,46.121089000000005,-123.2722,102,21,HPCA,0.9443501290234959,0.31545655919271476,0.4608276705137886,0.31199999999999994,0.4534883720930231,5.073,0,43.400000000000006,57.499999999999986,0.5890000000000001,14.27,0.288,3.62,0.4,9.59,2.66,33.44,0.359,5.09,50.9,0.66307,0.66111,0.11614,0.11272,51.825,0.941,0.11607,23.59,3504.51,12.285,51.334,16.302,2799.99,247.018,203.886,7.477,74.65,55.074388947927744,1.7466455031706827,Coppiced,690,72.10113235094391,47.368602471818555,13.584476606002989,65.69744597249509,18.840864440078587,3.48696558915537,29.141574468088294,12.57142857142857,23.974999999999998,14.178272980501394,15.461689587426322,-7.8699999999999974,-15.461689587426322,Good,105.57468762732583,37.78570543200875
